Producto,Fecha 1,Provedor,Precio,,,,
Aceite Aguacate *,07/03/2025,Vicente,350,,,,
Aceite Capullo 500ml *,21/04/2025,Canasta,1.347,,,,
Aceite Clover 500ml¬π,04/06/2025,Canasta,690,,,,
Aceite Clover 900ml*,04/03/2025,Canasta,1.144,,,,
Aceite Corona 500ml¬π,1/07/2025,Canasta,620,,,,
Aceite Don Chef soya 500ml 94%¬π,09/05/2024,Repre,717,,,,
Aceite Don Chef Soya 900ml,05/09/2022,Repre,1.509,,,,
Aceite En Su Punto 450ml*,05/11/2024,Canasta,674,,,,
Acetona Tapa Roja,30/04/2025,Vicente Serrano ,350,,,,
Achiote Achiotico pelota peq 10g¬π,05/02/2025,Serrano ,73,,,,
Achiote Achiotico taza 95g**,10/07/2025,Serrano ,471,,,,
Achiote Achiotin pelot gd 90G,24/05/2025,Canasta,245,, ,,
Achiote Patitos 90g¬π,01/08/2024,Max,580,,,,
Acondicionador Dove,14/07/2025,Insoma,92,,,,
Acondionador Pantene x24*,03/12/2024,Fabiola,98,,,,
Activador de fuego,06/04/2022,Maxi,365,,,,
Aderezo MC Cormick 200g,07/12/2022,Max,1.140,,,,
Agua Cielo 625ml x15*,06/02/2024,Big,333,,,,
Agua Oxigenada 60ml,30/04/2025,Serrano ,275,,,,
Agua Purificada Alma 600 ML,3/07/2025,Dos Pinos ,478,,,,
Aguja de Mano x20,12/02/2025,Serrano ,16,,,,
Aguja Maquina punta oro singer18-10U,28/02/2022,pasam SJ,100,,,,
Aguja Maquina x10,07/03/2024,Vicente,20,,,,
Alambrina Alumine Extra¬π¬≥ galvanizada ,14/03/2025,Repre,367,,,,
Alambrina Mediana Max,02/07/2025,Serrano ,250,,,,
Alambrinas Acril x 12 ,5/07/2025,Vicente ,96,,,,
Alcohol De La Ca√±a 230ml*,18/07/2025,Vicente,671,,,,
Algod√≥n Prosan 25g E,18/07/2025,Vicente,390,,,,
Alimento Concentrado Duketa Perro k,23/04/20025,Pozuelo ,927,,,,
Alimento Concentrado Gourmet 400g,19/06/2025,Pozuelo ,836,,,,
√Åloe Vera Natural 360ml,04/07/2025,Big,400,,,,
Aloe Vera Natural Bio 500ml,03/06/2025,Big,680,,,,
Andrews Classico x 50U,11/07/2025,Solis,160,,,,
Andrews Lim√≥n x 50,14/05/2025,Serrano ,153,,,,
Angelitos Surt 1x50,15/04/2025,Gomufa,134,,,,
Aplicador Madera x100 1%,30/04/2025,Solis-Serr ,150,,,,
Aplicador Maquillaje FantsY,05/07/2020,Max,99,,,,
Arena 5 K,5/06/2025,Vicente ,3450,,,,
Arroz Luisiana 80% 1.7K,25/10/2024,Tosty,1.208,,,,
Arroz Luisiana 80% 900g,29/05/2025,Demasa,640,,,,
Arroz Luisiana 91% 1700g *,30/10/2023,Demasa,1.328,,,,
Arroz Luisiana 99% 900g,29/05/2025,Demasa,917,,,,
Arroz Luisiana 99‚Åµ % 1.8,29/05/2025,Demasa,1.874,,,,
Arroz Luisiana Precocido 95%,29/05/2025,Demasa,1.220,,,,
Arroz T√≠o Pel√≥n 99%,26/04/2023,Canasta,1.724,,,,
Arroz T√≠o Pel√≥n Azul 80% 1.8g,15/01/2023,Canasta,1.241,,,,
At√∫n Aurora Azul 140G ¬π,10/05/2025,Repre,641,,,,
At√∫n Aurora Azul 230g¬π,23/05/2025,Repre,894,,,,
At√∫n Aurora Vegt 140G *,20/05/2025,Repre,641,,,,
At√∫n Aurora Vegt 230g,13/06/2025,Repre,894,,,,
At√∫n Gato Vital N 85 g,24/05/2024,Repre,492,,,,
At√∫n Sardimar A 140g*,23/05/2025,Repre,975,,,,
At√∫n Sardimar A fam*,09/04/2021,El Llano,1.296,,,,
At√∫n Sardimar V 140g*,23/05/2025,Repre,975,,,,
At√∫n Sardimar V fam*,27/11/2020,Repre,1.444,,,,
At√∫n Splash Azul 140g *,13/06/2025,Repre,594,,,,
At√∫n Tesoro Azul Trocitos 140,04/10/2024,Repre,954,,,,
At√∫n Tesoro Azul Trozos 140g,29/07/2022,Maxi,1.178,,,,
At√∫n Tesoro Jalape√±o 140,17/01/2024,Repre,1.198,,,,
At√∫n Tesoro Trozos Agua 140G,02/05/2025,Repre,1.198,,,,
At√∫n Tesoro Vegt 140g,04/10/2024,Repre,919,,,,
Avena D Gusto 150g,13/08/2024,Aje,280,,,,
Avena Quaker 180g¬π,23/05/2025,Maxi,965,,,,
Az√∫car Do√±a Mar√≠a 1k¬π,06/06/2025,Canast Max,713,,,,
Az√∫car Do√±a Mar√≠a 2k¬π,20/11/2024,Canasta,1.400,,,,
Barquillo Jack's Chocolate 145 g,21/06/2025,Jacks,1.230,,,,
Barquillo Jack's Combinado 42G x10,17/10/2024,Jacks,375,,,,
Barquillo Jack's Vainilla 68g,03/04/2025,Jacks,458,,,,
Barquillo Veteado 85g,22/05/2025,Jacks,667,,,,
Barra Cereal jack's ¬≤‚Å¥g,05/07/2025,Jack's,180,,,,
Barra Cereal Jacks Fruttal ¬≤‚Å∑g,07/03/2025,Jacks,208,,,,
Barra Cereal Tosh,27/02/2024,Pozuelo,200,,,,
Bebida Vikingo Lata 269ml,17/07/2025,Dos Pinos,458,,,,
Betun Liquido Nugget Negro 60ml,05/07/2024,Repre,1.429,,,,
Bet√∫n Liquido Virginia 60 ml,07/07/2024,Canasta,1.032,,,,
Bet√∫n Pasta Kiwi 30gr,29/01/2021,Cadena,957,,,,
Bet√∫n Pasta Nugget Negro 12g,23/05/2025,Repre,588,,,,    
Biberon Gerber,01/08/2023,Maxi,1.000,,,,
Block Rayado,06/06/2023,Cadena,637,,,,
Bocadito Cabsha x6,19/12/2022,Gomufa,191,,,,
Boletas OCP x50*,02/07/2025,Serrano ,280,,,,
Boli Helado,14/07/2025,Genesis,90,,,,
Bolinchas Coquito x 3,02/06/2021,Casoma,990,,,,
Bolsa 8 x 16 Avisp√≥n 2.5k,23/12/2024,Avisp√≥n,5.300,,,,
Bolsa Chorrear Caf√©,07/05/2025,Serrano,300,,,,
Bolsa Ol√≠mpica grande,21/04/2025,Canasta ,644,,,,
Bolsa Olympic Jardinera*,24/05/2025,Canasta,920,,,,
Bolsa Sandwich LINK x70*,1/07/2025,Canasta,520,,,,
Bolsa Sanwich Ziplo x 20,17/01/2024,Llano ,1.092,,,,
Bolsa Zesta Gd ¬π,05/11/2024,Canasta,566,,,,
Bombillo 15 w1%,24/03/2022,Canasta,0,,,,
Bombillo Estrella 9 w LED ,23/04/20025,Serrano ,750,,,,
Bombillo Exolite LED w,11/03/2024,RP,1.260,,,,
Bombillo Ilukon 100w,07/05/2025,Serrano ,350,,,,
Bombillo Philips 100 *,31/07/2024,Serrano,450,,,,
Bombillo philips 25w,26/11/2021,El Llano,303,,,,
Bombillo Philips 75W *,27/01/2024,Solis,385,,,,
Borrador Pointer gd x 20,17/03/2024,Vicente,85,,,,
Brillo Contraste Fino 35Gr- 15=20,30/08/2024,RP,305,,,,
Brillo Contraste Grueso 20g,10/05/2024,Repre,362,,,,
Brillo Labial,22/11/2023,Vicente,279,,,,
Caf√© 1820 125g¬π,04/06/2025,Canasta,1.254,,,,
Caf√© 1820 250g¬π,13/01/2024,Canasta,2.094,,,,
Caf√© Colcaf√© Frasco* 380g,17/07/2025,Pozuelo,3.823,,,,
Caf√© Colcaf√© Per√∫ 3en1 caj x12*,22/01/2025,Pozuelo,185,,,,
Caf√© Gemelo 200g*,13/02/2025,Alfa,896,,,,
Caf√© Rey 125g ¬π,13/01/2024,Canasta,962,,,,
Caf√© Rey 200g,13/02/2025,Canasta,1.479,,,,
Caf√© Sasso 200g x2 ¬π,04/03/2025,Canasta,863,,,,
Caf√© Volio 250 ‚òï,20/09/2024,Jes√°n ,1.864,,,,
Cajita Chinches,22/11/2023,Vicente,117,,,,
Calamar Calvo en Trozos,10/08/2019,Maxi,500,,,,
Calculadora Color,01/01/2022,Maxi,600,,,,
Calculadora Negra,01/01/2023,Maxi,300,,,,
Candela Blanca Mundoluz x 8U **,16/07/2025,Serrano ,87,,,,
Candela Cumplea√±os ##,10/04/2024,Serrano ,190,,,,
Candela p/ cumplea√±os Palito,22/11/2024,Vicente ,210,,,,
Candela p/ Farol,17/08/2022,Vicente,320,,,,
Candela Signo,10/04/2024,Vicente,249,,,,
Candela Vela Parafina x 25,26/09/2024,Vicente ,79,,,,
Caramelo Fruna Frugosa x 12,22/04/2022,Diana,80,,,,
Caramelo Fruwi x 50,02/07/2025,Gomufa ,20,,,,
Caramelo Liquido Monster x 24,14/04/2025,Gomufa ,81,,,,
Caramelo Ricatto Duro x50,17/10/2022,Gomufa,20,,,,
Caramelo Ricatto Leche x50,16/07/2025,Gomufa ,20,,,,
Caramelo Tubito Winis x16,10/07/2023,Fabiola,80,,,,
Carb√≥n La Llamita 2k,12/10/2020,Solis,1.136,,,,
Cargador de Encendedor Vox,09/01/2024,Vicente,830,,,,
Carne Molida Burbuja 200 g,26/04/20025,Cinta Azul,1.005,,,,
Cart√≥n Presentaci√≥n Blanco hoja x10,17/03/2021,Casoma,118,,,,
Cepillo 2 Pack Medio,07/05/2025,Serrano ,350,,,,
Cepillo Colgate Carb√≥n Suave ,14/07/2025,Gomufa,400,,,,
Cepillo Colgate Classico ClearMed-D,16/07/2025,Serrano,450,,,,
Cepillo Colgate Duro¬π,28/05/2025,Serrano ,588,,,,
Cepillo Colgate ni√±o - con estuche,08/01/2024,Serrano ,300,,,,
Cepillo Esqueleto,24/10/2024,Vicente,240,,,,
Cepillo Glamour Peinar,05/07/2020,Max,99,,,,
Cepillo Ra√≠z Eterna ,23/08/2024,Canasta ,897,,,,
Cepillo Raiz Planchita,12/07/2024,insoma ,616,,,,
Cepillo Redondo d Peinar,00/00/2023,000000,0,,,,
Cera para Cabello Nitro 150G,10/03/2024,Solis,785,,,,
Cera Rex Pasta 140G,16/06/2023,RP,1.060,,,,
Cereal D'Gussto 25g,30/01/2025,Aje,120,,,,
Cereal Jack's Chokos 170G,2/05/2025,Jacks,916,,,,
Cereal Jack's Chokos 25G,12/03/2025,Jacks,160,,,,
Cereal Jack's Cris Crispy 179G**,2/05/2025,Jack's ,900,,,,
Cereal Jack's Cris Crispy 25G**,18/07/2025,Jacks,160,,,,
Cereal Jack's Fusi√≥n Roditas 200g**,12/06/2025,Jack's ,1083,,,,
Cereal Jack's Fusi√≥n Roditas 25g**,07/02/2025,Jacks,160,,,,
Cereal Jack's Naranita 170g,02/05/2025,Jacks,916,,,,
Cereal Jack's Naranitas 25g,02/05/2025,Jacks,160,,,,
Cereal Jack's Poffis 170g,18/07/2025,Jack's,916,,,,
Cereal Jack's Poffis 25G x12,29/05/2025,Jacks,160,,,,
Cereal Jack's Rodita 170G,07/02/2025,Jacks,916,,,,
Cereal Jack's Roditas Fresa 25G,06/06/2025,Jacks,160,,,,
Cereal Jack's Trijuelas 170G,05/07/2025,Jacks,916,,,,
Cereal Jack's Trijuelas 25g,21/06/2025,Jacks,160,,,,
Chicle √Åcipogo 5,19/03/2025,Fabiola,42,,,,
Chicle Bolita Frutas x24 Fresa √Åcida,19/03/2025,Fabiola,122,,,,
Chicle Bubbaloo x 70,17/04/2025,Solis,40,,,,
Chicle Buzzy Tattoo x 100,18/07/2025,Fabiola ,8¬≥¬π,,,,
Chicle Canels x 60,18/07/2025,Fabiola ,25,,,,
Chicle Clorets peq x 50,10/07/2025,Serrano ,42,,,,
Chicle Crayola,18/09/2024,Serrano ,60,,,,
Chicle Cray√≥n x 4 x 16,18/01/2025,Fabiola ,83,,,,
Chicle Crazy Roll x 24,22/02/2025,Felipe,83,,,,
Chicle Drag√≥n x20,05/12/2023,Felipe,80,,,,
Chicle ka Blue Blast 1x60,28/05/2025,Solis,24,,,,
Chicle Leng√ºeton 9g x 24,08/05/2025,Fabiola,33,,,,
Chicle Loki√±o x 50,16/07/2025,Serrano ,20,,,,
Chicle Pajilla,25/01/2024,Fabiola,40,,,,
Chicle Relleno Frulets x 40,18/07/2025,Fabiola,41,,,,
Chicle Revolc√≥n x 50,10/07/2025,Serrano ,20,,,,
Chicle Splosh Relleno x 40,19/10/2024,Fabiola,83,,,,
Chicle Splot Linea x24,06/06/2025,Gomufa,54,,,,
Chicle Tattoo Push x15,16/04/2025,Fabiola,83,,,,
Chicle Tattoo x 100,11/06/2024,Fabiola,20,,,,
Chicles con dulce en Polvo y Pala,29/05/2025,Felipe ,80,,,,
Chile Malher Mitades**,01/04/2025,Max,575,,,,
Chile Malher Trocitos,06/06/2025,Max,660,,,,
Chile Rajas 105 g,2/04/2025,Serrano ,315,,,,
Chispa de encendido,20/08/2020,Maxi,390,,,,
Chocobanano Genesis x12 ¬π¬≥,18/07/2025,G√©nesis,250,,,,
Chocobolas Frasco742.5g 166 bolsa 112,23/04/20025,Pozuelo,19,,,,
Chocolate Arcor Bon o bon 53 g,8/04/2025,Fabiola ,333,,,,
Chocolate Arcor Rocklets 53g,21/06/2025,Fabiola,333,,,,
chocolate B Belgio Trufles stawber 6g x 100,1/07/2025,Gomufa ,21,,,,
Chocolate B Bubulubu 35g,22/03/2025,Llano,197,,,,
Chocolate B Ca$h Power,07/03/2025,Fabiola ,83,,,,
Chocolate B Choco  x 24,06/06/2025,Fabiola ,83,,,,
Chocolate B Choco Tron Rojo x 30 u,1/07/2025,Gomufa ,42,,,,
Chocolate B Choco Wonder x40,21/05/2025,Serrano ,40,,,,
Chocolate B Crash Caramelo 40g,18/07/2025,Fabiola ,200,,,,
Chocolate B Crash Nougat 40g,18/07/2025,Fabiola ,200,,,,
Chocolate B Cremino x 24,21/05/2025,Pozuelo,80,,,,
Chocolate B Delinut Fresa x 48,18/01/2024,Fabiola ,41,,,,
Chocolate B Ducrem Trisabor,18/01/2024,Fabiola ,31,,,,
Chocolate B Fruitat x 24,03/12/2024,Felipe ,83,,,,
Chocolate B Gronch x 24,27/11/2024,Felipe,83,,,,
Chocolate B Noustar x 24,14/04/2025,Gomufa ,42,,,,
Chocolate B Noustar x 24 u,1/07/2025,Gomufa ,42,,,,
Chocolate B Nuss x 24 Digara,16/07/2025,Serrano ,83,,,,
Chocolate B Nut Ba,05/04/2022,Felipe,83,,,,
Chocolate B Roxi,09/10/2024,Fabiola,83,,,,
Chocolate B Sapito,14/02/2024,Jack's,80,,,,
Chocolate B Schoko x 24,05/06/2025,Vicente,80,,,,
Chocolate B Sima Tago x 24,27/03/2025,Felipe,83,,,,
Chocolate B Snach,22/01/2025,Felipe ,83,,,,
Chocolate B S√∫per Peanut ,05/06/2025,Felipe ,83,,,,
Chocolate B Supercoco Barra 25g,16/04/2025,Fabiola,160,,,,
Chocolate B Torku 4√ó4 x 24U,03/04/2025,Fabiola,240,,,,
Chocolate Bianchi Azul-Bl x 12,30/01/2025,Gomufa ,160,,,,
Chocolate Bon o Bon Tableta 53g,21/06/2025,Fabiola,333,,,,
Chocolate Bonobon 15u,20/03/2025,Jacks,160,,,,
Chocolate Bubulubu 35g,17/05/2024,Llano ,143,,,,
Chocolate Carbury Dairy Milk 100g*,08/09/2021,Alfa,1.288,,,,
Chocolate Chocobreak 50und,24/09/2024,Gomufa,34,,,,
Chocolate ChocoBreak Ball,13/08/2024,Gomufa,24,,,,
Chocolate Chocobreak Cookies 30und,27/08/2024,Gomufa,31,,,,
Chocolate Chocovitos x24 *,26/06/2025,Sol√≠s ,80,,,,
Chocolate Choy's Arroz 57g 50g,26/02/2025,Pozuelo,400,,,,
Chocolate Choy's Man√≠ 57g,03/07/2025,Pozuelo,400,,,,
Chocolate Copet√≠n 144g,09/08/2023,Dos Pinos,1.600,,,,
Chocolate Gallito Coraz√≥n,09/08/2022,Dos Pinos,45,,,,
Chocolate Gallito Mil√°n Cl√°sico **,29/10/2024,DosPinos,87,,,,
Chocolate Gallito Mil√°n Menta x12 **,19/06/2025,DosPinos,128,,,,
Chocolate Gallito Tablet Leche 6x23g,07/12/2022,DosPinos,196,,,,
Chocolate Gallito Tritapita 6 x 25g**,05/06/2025,DosPinos,240,,,,
Chocolate Hershey Almendras 43g **,02/08/2023,Serrano,700,,,,
Chocolate Hershey Besito x 50,18/07/2025,Serrano,42,,,,
Chocolate Hershey Leche 43g,06/03/2023,Fabiola,736,,,,
Chocolate Hershey Nuggets x50*,18/07/2025,Fabiola,97,,,,
Chocolate Hershey Zero 85gx12,01/11/2022,Gomufa,162,,,,
Chocolate Johnny 100g,04/12/2024,Pozuelo,598,,,,
Chocolate Johnny 200g,09/04/2025,Pozuelo,1.280,,,,
Chocolate Kick 40 g,14/02/2022,Gomufa,172,,,,
Chocolate Kit Kat 40g ¬π¬≥,17/08/2024,Fabiola ,550,,,,
Chocolate M &M,14/07/2025,Solis,525,,,,
Chocolate Milka Casta√±as 55g,02/05/2025,Alfa,742,,,,
Chocolate Milka Choco Pause,03/06/2025,Alfa,604,,,,
Chocolate Milka Strawberry 100G,19/07/2024,Repre,785,,,,
Chocolate Moneda Nucita x 48,19/02/2025,Pozuelo ,28,,,,
Chocolate Nesquik Bolsa 200g,21/06/2023,Maxi,1.000,,,,
Chocolate Nikolo,08/11/2024,Jack's,80,,,,
Chocolate Nikolo Wafer Fresa 13.‚Åµg,03/05/2024,Jacks,80,,,,
Chocolate Nucita Patitas x 8,07/05/2025,Pozuelo,280,,,,
Chocolate Nucita Trisabor 8G,24/04/2024,Pozuelo,60,,,,
Chocolate Nucita Trisabor x 16,21/05/2025,Pozuelo,60,,,,
Chocolate Privilegio,15/11/2021,Gomufa,80,,,,
Chocolate Snickers 50g,11/07/2025,Solis,505,,,,
Chocolate tutto 6x20g,20/03/2025,Pozuelo,400,,,,
Chocolate Tutto Baileys x6,17/07/2024,Pozuelo,593,,,,
Chocolate Tutto Bomb√≥n x30,22/05/2024,Pozuelo,132,,,,
Chocolate Tutto Cookies Cream x44g,12/03/2025,Pozuelo,660,,,,
Chocolate Twix,08/04/2025,Fabiola ,440,,,,
Chocolatosas x 30,04/06/2024,Gomufa,31,,,,
Chop Suey Vigui 175g,26/01/2024,Llano,667,,,,
Chuleta Recorte ,26/05/2025,Cinta Azul,3.636,,,,
Chupa Beny Mango con chile-Sandia,18/07/2025,Fabiola,40,,,,
"chupa Halloween ""OREO""",03/07/2024,Felipe,80,,,,
Chupa Jumping Manitas y Patitas x30,11/07/2025,Solis,80,,,,
Chupa Manguis Willy x40*,13/06/2025,Serrano-Sol,60,,,,
Chupa Montes x10,02/07/2025,Fabiola,83,,,,
Chupa Puerquito x40,22/05/2020,Jes√°n,42,,,,
Chupa Sandia x40*,13/10/2023,Gomufa,62,,,,
Chupa Silbido x30,25/01/2024,Fabiola ,80,,,,
Chupa Tipitin Surtida 40,01/07/2025,Gomufa,41,,,,
Chupa Venus Kiss x 24,6/06/2025,Fabiola ,33,,,,
Chup√≥n Marino,13/04/2024,Fabiola ,83,,,,
Chuzo Premier Mediano x100,07/10/2022,Solis,850,,,,
Cigarro Fisher ,20/05/2025,Solis,690,,,,
Cigarro Pall Mall Alaska,24/06/2025,British,2.191,,,,
Cigarro Pall Mall Cereza,18/12/2024,British,2.100,,,,
Cigarro Pall Mall Classico,07/07/2025,British,1.636,,,,
Cigarro Pall Mall Doble Tok-Ibiza,07/07/2025(,British,2.191,,,,
Cigarro Pall Mall Doble Vegas,07/07/2025,British,2.191,,,,
Cigarro Pall Mall Honolulu ,07/07/2025,British,1.734,,,,
Cinta Ancha Embalaje,16/07/2025,Serrano ,480,,,,
Cinta Scott Adhesiva Alma,19/06/2025,Vicente,71,,,,
Cloro Irex 3% 450 ml,1/07/2025,Canasta,234,,,,
Cloro IREX 900 ml,1/07/2025,Canasta ,358,,,,
Cloro irex Bolsa 200 ml,1/07/2025,Canasta,140,,,,
Clorox Bolsa 450 ml,24/05/2024,Jes√°n,391,,,,
Clorox Botella 250ml,20/01/2023,Jes√°n,246,,,,
Clorox Botella 946ml,29/09/2023,jes√°n,778,,,,
Coco Rallado 100g,26/06/2025,Serrano ,600,,,,
Coco Rayado Don Perucho 100g,27/03/2024,Gomufa,600,,,,
Cocoa Dulce 100G,11/12/2024,Pozuelo,542,,,,
Cocoa Dulce 200G,20/03/2024,Pozuelo,820,,,,
C√≥ctel D Frutas üè° Merjal 850 g,13/12/2024,Gomufa ,1.485,,,,
Coctel Melocot√≥n Merjal 820g,18/10/2024,Repre,1.412,,,,
Cofal corriente 35 grs,23/02/2021,Gomufa,1.540,,,,
Cofal Fuerte 60gr,09/05/2022,Solis,2.590,,,,
Cola Cabello,23/01/2025,se√±ora,120,,,,
Cola pa√±o mini 100,23/01/2025,Almac√©n Milenio,400,,,,
Cola Tela China x 6u x 12s,23/11/2024,Vicente,180,,,,
Colado AGU Doy Pack x 4,17/01/2024,Llano,316,,,,
Colado Gourmet Frutas Flex 113,15/01/2025,Serrano ,325,,,,
Colado Heinz 113g,11/07/2025,Max,333,,,,
Colilla Regalo Adhesiva x80,21/11/2023,Casoma,14,,,,
Colilla Regalo x 20,21/11/2023,Casoma,39,,,,
Colonia Para Ni√±os Pekes,08/01/2020,Vicente,730,,,,
Compas Maped Plastico,31/08/2022,Vicente,579,,,,
Condimento Bah√≠a 49 g,03/06/2022,Maxi,62,,,,
Condimento La Estrella 50g *,20/10/2020,Canasta,103,,,,
Conf Barra Freegells Extra Fuerte x 12,18/07/2025,Fabiola ,83,,,,
Conf Barrilete x 50,23/04/20025,Serrano,26,,,,
Conf Bianchi L√≠nea x24*,22/12/2023,Fabiola,80,,,,
Conf Bianchi x 100,28/05/2024,Gomufa,20,,,,
Conf Bola Cola x250 *,15/03/2022,Fabiola,12,,,,
Conf Butter x100,12/04/2024,jack's ,10,,,,
Conf Chao Mora Azul x2,18/04/2023,Gomufa,21,,,,
Conf Chao Xtreme ,29/10/2024,Gomufa ,16,,,,
Conf Conejo Blanco 108g,22/11/2021,Gomufa,74,,,,
Conf Cookies Cream x 100,13/08/2024,Gomufa ,16,,,,
Conf De Cepillo Candy Brush x24,19/10/2024,Gomufa ,84,,,,
Conf Frupy Frutas,26/01/2024,Diana,8,,,,
Conf Frupy Soda x 100,08/04/2022,Diana,8,,,,
Conf Fruwi Balls *20,03/04/2024,Fabiola,80,,,,
Conf Fruwi Crunchy x 100,15/10/2024,Gomufa ,20,,,,
Conf gallito Fresita x 42 ,26/06/2025,DosPinos,19,,,,
Conf Gallito Frutini x 50*,26/06/2025,Dos Pinos,17,,,,
Conf Gallito Morenito x50,05/06/2025,Dos Pinos,17,,,,
Conf Loki√±o Linea,17/08/2021,Fabiola,40,,,,
Conf Loki√±o Masticable x 100,21/06/2025,Fabiola ,16,,,,
Conf Masticable Bon Bon Bum Fresa 8g,14/11/2023,Gomufa,27,,,,
Conf Mentas Lim√≥n y Eucalipto x50,23/05/2025,Gomufa,26,,,,
Conf Mini Bum Surt,25/01/2024,Gomufa,13,,,,
Conf Revolc√≥n √Åtomos,23/01/2023,Gomufa,40,,,,
Conf Spray x 24 chisguetazo,08/07/2024,Fabiola,125,,,,
Conf Tirudito Coco x50,07/05/2025,Serrano ,40,,,,
Conf Willy Menta x 100,11/06/2025,"Solis,Gomuf,Fab,Serr",8,,,,
Conf Yogger 5g x 100,19/06/2023,Gomufa,16,,,,
Conito Choco Crunch x 20,25/03/2025,Fabiola ,83,,,,
Conito Marsmelo Ice cream Relleno xb0,19/03/2025,Fabiola ,83,,,,
Cono Azucarado 130g,11/12/2024,Dos Pinos,1088,,,,
Consom√© Knorr Arroz 8g,06/05/2025,Insoma,105,,,,
Consom√© Maggi Camar√≥n 10g,1/07/2025,Serrano,110,,,,
Consom√© Maggi Color y Sabor 8g,11/06/2025,Serrano ,96,,,,
Consom√© Maggi Costilla 10g,10/07/2025,Serrano ,96,,,,
Consom√© Maggi Mi Saz√≥n 10g,04/12/2024,Serrano ,96,,,,
Consom√© Maggi Naturalismo x 4,22/06/2022,Maxi,88,,,,
Consom√© Maggi Pinto 8g,05/11/2024,Canasta,117,,,,
Consom√© Maggi Pollo 10g,10/07/2025,Serrano,96,,,,
Consom√© Maggi Res 10g,10/07/2025,Serrano ,96,,,,
Consom√© Saz√≥n Completo 10g,28/06/2024,Solis,65,,,,
"Cord√≥n Mediano 36"" Par",04/06/2024,Cadena*,145,,,,
"Cord√≥n Peque√±o N 24""",17/01/2022,lipan,60,,,,
Corrector Lapicero pointer,18/07/2024,Vicente,340,,,,
Corta U√±as Grande,05/07/2025,Vicente,440,,,,
Corta U√±as Med Corona,23/01/2025,Vicente,315,,,,
Corta U√±as peque√±o,04/06/2024,Cejas,200,,,,
Crayola 12 Und,00/00/2019,G,780,,,,
Crema Dulce Coronado,22/03/2022,Max,910,,,,
Crema Maggi Cola Res,24/12/2024,Canasta,751,,,,
Crema Maggi Delicias de la Reina¬π¬≥,28/09/2023,Canasta,552,,,,
Crema Maggi Hongos M,1/07/2025,Max,640,,,,
Crema Maggi Mariscos,05/11/2024,Max,751,,,,
Crema Maggi Tomate,03/07/2021,Maxi,620,,,,
Crema Nivea Lata 20ml,17/05/2024,Sol√≠s ,865,,,,
Crema Pantene Liso 1x24*,18/07/2023,Solis,83,,,,
Crema Pantene Rizos 1x24*,07/11/2023,Gomufa,83,,,,
Crema Pond's Humectante 10*8.5g,26/05/2023,Insoma,331,,,,
Crema Sedal Liso x24,11/12/2024,Insoma ,98,,,,
Crema Sedal Rizo x28 x 9 ml,10/07/2025,Serrano ,112,,,,
Crema Sr Cofee 180g,19/12/2023,Canasta,919,,,,
Crema Vigui 175 g,18/09/2021,Canasta,360,,,,
Cuchara Desech Link 12und*,01/02/2024,Canasta,224,,,,
Cuerda Naylon 10 mts,26/06/2025,Serrano,317,,,,
Curita Cure Band x 100 u,16/07/2025,Serrano,9,,,,
Cutter 18MM Vicente,23/06/2022,Vicente,889,,,,
Dermo Gel Olimpo almohada 250 ml,13/11/2021,Jes√°n,610,,,,
Dermo Gel Olimpo Botella 130 ml,13/11/2021,Jes√°n,928,,,,
Desinfectante Fabuloso 450 ml**,01/08/2023,Canasta,545,,,,
Desinfectante Fabuloso 750 ml,1/07/2025,Serrano ,835,,,,
Desinfectante Tronex 425 ml,1/07/2025,Canasta,435,,,,
Desodorante Dove Aclarante ,30/06/2019,Maxi,0,,,,
Desodorante Dove on roll,09/06/2023,Solis,820,,,,
Desodorante Lady Speed Barra,13/06/2025,Solis,1.900,,,,
Desodorante Rexona Barra M**,07/05/2025,Serrano ,2.100,,,,
Desodorante Rexona Clinical 48 g,04/06/2025,Serrano ,380,,,,
Desodorante Rexona Rollon H ,26/06/2025,Sol√≠s ,820,,,,
Desodorante Rexona Rollon M,26/06/2025,Serrano,780,,,,
Desodorante Speed Stick H Barra,14/05/2025,Serrano ,2.100,,,,
Desodorante Speedy Stick 24/7 gel,01/04/2025,Serrano ,3.000,,,,
Desodorante West Country 75ml,04/12/2024,Vicente,424,,,,
Destaqueador,24/03/2023,Canasta,1.133,,,,
Deterg Azul Nuviola 100gr x,05/02/2024,Canasta,125,,,,
Deterg Fab 400g*,26/06/2025,serrano,675,,,,
Deterg Fort 3 125g**,28/02/2025,El Llano,160,,,,
Deterg Fort 3 400g*,1/07/2025,Canasta,516,,,,
Deterg Fort 3 800 ,7/02/2025,Llano,979,,,,
Deterg Irex 125g,06/12/2024,El Llano,242,,,,
Deterg Irex 450g,09/04/2025,El Llano,700,,,,
Deterg Orix 450g*,06/12/2024,Llano,507,,,,
Deterg Surf Set Fuerza Flores 400,14/07/2025,Insoma,447,,,,
Deterg Unox Sobre 35g,22/11/2024,Insoma,111,,,,
Deterg Xedex 400ml **,08/01/2025,Serrano ,550,,,,
Deterg Xedex M√°ximo Poder 500 ml ,1/07/2025,Insoma,660,,,,
Deterg Xedex Poder 800g ,14/07/2025,Insoma ,1.051,,,,
Detergente Surf 1.1,14/07/2025,Insoma,1048,,,,
Dulce de Leche Nestl√© 380g **,29/06/2020,pali,1.305,,,,
Dulce Molido Don Perucho 450g,03/06/2025,Canasta,638,,,,
Dulce Tapa Do√±a Tanita 750g,1/07/2025,Canasta ,673,,,,
Empanizador Knorr 0g,5/04/2024,Insoma,532,,,,
Empanizador Patitos Pescado 100g,04/06/2025,Canasta ,505,,,,
Empanizador Patitos Pollo 100g,04/06/2025,Canasta,505,,,,
Empanizador Vigui Pescado**,10/05/2025,Canasta,350,,,,
Empanizador Vigui Pollo,08/04/2025,Canasta ,360,,,,
Encendedor Atomic Stickers,22/06/2025,Solis,370,,,,
Encendedor Barato x 50,23/04/20025,Serrano ,110,,,,
Encendedor Big GD ,19/03/2025,Serrano ,560,,,,
Encendedor Cocina Lumen,11/10/2024,Solis,1.000,,,,
Encendedor Ronson Transp,24/06/2025,British,118,,,,
Endulzante Splenda 1x50,14/07/2025,Solis,800,,,,
Endulzante Splenda x50,20/05/2025,Solis,795,,,,
Endulzante Sweetlite bolsa 100,21/02/2025,Insoma,816,,,,
Enjuague Bucal Coolmint,01/03/2024,Me,7.540,,,,
Envase Ret 2.5 Lt,11/01/2024,CocaCola,530,,,,
Escarcha en Frasco,09/02/2021,Max,200,,,,
Escoba de colores con palo,16/07/2025,Serrano ,1.100,,,,
Escoba Mediana Tuc√°n,25/10/2022,Gomufa,1.264,,,,
Escoba P/ Carro,31/01/2022,Gomufa,480,,,,
"Escuadra 12""",12/10/2023,Vicente,1.099,,,,
Esparadrapo 1.25x5M,23/06/2021,Vicente,730,,,,
Especies El Saborcito √Åcido Borico,18/09/2024,Serrano ,250,,,,
Especies El Saborcito ajo polvo 20g,18/07/2024,Serrano ,250,,,,
Especies El Saborcito canela en polvo 15g,28/05/2025,Serrano ,250,,,,
Especies El Saborcito Ch√≠a 40g,21/08/2024,Serrano ,450,,,,
Especies El Saborcito Levadura 40g,21/08/2024,Serrano ,380,,,,
Especies el Saborcito Pasas ,16/07/2025,Serrano ,250,,,,
Especies El Saborcito Royal 50g,18/09/2024,Serrano ,250,,,,
Especies Molina Ajinomoto,06/03/2024,Fabiola,88,,,,
Especies Molina Bicarbonato,07/03/2025,Fabiola,88,,,,
Especies Molina canela Astilla,21/12/2024,Fabiola,88,,,,
Especies Molina Chan,18/01/2022,Molina,88,,,,
Especies Molina clavos,08/07/2024,Fabiola,88,,,,
Especies Molina Cremor,22/11/2023,Fabiola,88,,,,
Especies Molina linaza,08/05/2023,Fabiola,88,,,,
Especies Molina pimienta negra,14/09/2023,Fabiola,88,,,,
Especies Molina Royal,19/02/2025,Fabiola,88,,,,
Especies Pimienta Estrella 75g,24/05/2025,Canasta ,160,,,,
Espiral Gala,16/07/2025,Serrano,415,,,,
Espirales RAID Radiolitos Lavanda 12,17/01/2024,El Llano,595,,,,
Esponja Britex Doble uso,26/06/2025,Serrano ,290,,,,
Esponja con Malla x 4,20/06/2024,Serrano ,140,,,,
Esponja Negrita Doble uso x 2,1/07/2025,Canasta,930,,,,
Esponja Negrita Triple **,13/01/2024,canasta,243,,,,
Esponja Scott Brite,05/11/2024,Canasta ,602,,,,
Estuche cepillo,27/04/2024,Vicente,210,,,,
Facturero Copia quimica,08/11/2024,Vicente,480,,,,
Filtro Rey,13/02/2025,Canasta,421,,,,
Flan Vainilla Caramelo 85g,29/10/2024,RP,438,,,,
Folder Manila Color x125u,18/03/2025,Vicente ,135,,,,
Folder Manila Corriente x 100,26/08/2020,Cadena,37,,,,
F√≥sforos Quetzal x100,27/11/2024,Serrano ,31,,,,
Frasco Muestra Exes -Orina 120ml,22/11/2024,Vicente,150,,,,
Frasco Potaza 300GR*,08/12/2023,Llano,937,,,,
Frescoleche Dos Pinos Fresa litro,21/10/2024,Dos Pinos ,838,,,,
Frescoleche Dos Pinos Surt 250ml**,12/06/2025,DosPinos,495,,,,
Frijol Joya Rojo 750,2/05/2025,Vihusa,1227,,,,
Frijol La Familia Blanco 400g*,08/04/2025,Canasta,511,,,,
Frijol Luisiana Entero Enlatado 400**,04/07/2025,Tosty,833,,,,
Frijol Luisiana Rojo Bolsa 400g *,14/03/2025,Tosty,805,,,,
Frijol Luisina Negro Bolsa 400g,11/01/2025,Tosty,714,,,,
Frijol Rojo Joya 750g,22/03/2025,Tosty,1229,,,,
Frijol Santa Cruz Rojo 227g pic**,22/03/2025,RP,610,,,,
Frijol Santa Cruz Rojo 227g Sin pic,30/05/2025,RP,610,,,,
Frijol Santa Cruz Rojo 400g Pic,30/05/2025,RP,966,,,,
Frijol Santa Cruz Rojo 400g sin **,30/05/2025,RP,966,,,,
Gacilla Amarilla 1 x144,02/05/2023,Cadena,570,,,,
Gacilla Mediana 1 x144,11/11/2020,Cadena,454,,,,
Gacilla Niquel #4    x12,23/01/2025,Milenio ,17,,,,
Galleta Acemita Clavos,22/06/2023,Fabiola,850,,,,
Galleta Best x12Ga,29/05/2025,Fabiola ,125,,,,
Galleta Cremas Bic,8/08/2024,Gomufa,500,,,,
Galleta Formis,23/05/2022,Gomufa,83,,,,
Galleta Julieta G,06/03/2024,Fabiola,1.350,,,,
Galleta Jumbo fresa - Vainilla x12,30/07/2024,Gomufa ,83,,,,
Galleta La Moderna xtrabites,15/04/2025,Gomufa,135,,,,
Galleta Monserrat coco,17/08/2021,Fabiola,468,,,,
Galleta Nabisco Oreo Coca Cola x 12,15/10/2024,Alfa,206,,,,
Galleta Nabisco Oreo TB 155g,28/02/2025,Llano,480,,,,
Galleta Nabisco Oreo x12,10/07/2025,Serrano ,183,,,,
Galleta Nabisco Ritz x12,6/12/2024,Alfa,170,,,,
Galleta Pozuelo Artesanal Coco 300g,23/04/20025,Pozuelo,1.009,,,,
Galleta Pozuelo Bokita Clas TB,15/01/2025,Pozuelo,695,,,,
Galleta Pozuelo Bokita Clas x 12,18/05/2022,Pozuelo,2.399,,,,
Galleta Pozuelo Bokita Rell TB 144g,03/07/2025,Pozuelo,800,,,,
Galleta Pozuelo Bokita Rell x10,9/7/2025,Pozuelo,230,,,,
Galleta Pozuelo Canasta TB 124g,20/03/2025,Pozuelo,753,,,,
Galleta Pozuelo Chiky Fresa x 10,29/04/2024,Pozuelo,144,,,,
Galleta Pozuelo ChiKy TB choc 153g,23/04/20025,Pozuelo,708,,,,
Galleta Pozuelo Chiky x12,28/05/2025,Pozuelo,159,,,,
Galleta Pozuelo Chocomerendina,26/06/2025,Pozuelo,198,,,,
Galleta Pozuelo Clud Extra x12*,28/05/2025,Pozuelo,149,,,,
Galleta Pozuelo Cocana mini 84g,19/06/2025,Pozuelo,422,,,,
Galleta Pozuelo Cocana TB 167g,09/07/2025,Pozuelo,859,,,,
Galleta Pozuelo Crema Choy's x8,31/07/2024,Pozuelo,167,,,,
Galleta Pozuelo Cremas Mixtas x 12,19/06/2025,Pozuelo,152,,,,
Galleta Pozuelo Cremas TB V 127g,09/07/2025,Pozuelo,581,,,,
Galleta Pozuelo gatito,17/04/2024,Pozuelo,134,,,,
Galleta Pozuelo Mantequilla 10u*,21/05/2025,Pozuelo,145,,,,
Galleta Pozuelo Mantequilla TB 171g,03/07/2025,Pozuelo,840,,,,
Galleta Pozuelo Mar√≠a Animalitos x 8,02/02/2023,Pozuelo,127,,,,
Galleta Pozuelo Mar√≠a x8,22/05/2024,Pozuelo,820,,,,
Galleta Pozuelo Merendina x12,22/07/2024,Pozuelo,1.609,,,,
Galleta Pozuelo Nucita x 10,02/08/2024,Pozuelo,133,,,,
Galleta Pozuelo Recreo TB 167g,05/02/2025,Pozuelo,752,,,,
Galleta Pozuelo Recreo x10,09/07/2025,Pozuelo,160,,,,
Galleta Pozuelo Soda Classica,26/06/2025,Pozuelo,708,,,,
Galleta Pozuelo Soda Especies x 8,11/06/2025,Pozuelo,644,,,,
Galleta Pozuelo Yema TB 182G,09/04/2025,Pozuelo,858,,,,
Galleta Pozuelo Yema x6,09/07/2025,Pozuelo,252,,,,
Galleta Pozuelo Yipy 1x12,26/06/2025,Pozuelo,167,,,,
Galleta Pozuelo Yumbo Fibra,26/06/2025,Pozuelo,182,,,,
Galleta Rellenita Black Out x8,18/07/2025,Vicente,100,,,,
Galleta Rellenita Doble Delicia,05/06/2024,Vicente,100,,,,
Galleta Sorbeto Festival x 12,19/06/2025,Pozuelo ,156,,,,
Galleta Sorbeto Gallito 23 g,26/06/2025,Dos Pinos ,125,,,,
Galleta Sorbeto Jack's Fresa 25g,22/05/2025,jack's ,120,,,,
Galleta Tapas Pie Lim√≥n ,7/03/2025,Jack's ,132,,,,
Galleta Tohs Wafer x 8,29/01/2025,Pozuelo ,253,,,,
Galleta Trits Naranja tubo 128g,10/04/2025,Dos Pinos,500,,,,
Galleta Waffler Colombina fresa,3/03/2025,Gomufa ,58,,,,
Gancho Adhesivo x 9,23/04/20025,Vicente ,1250,,,,
Garbanzo Mama 400g,29/04/2025,Canasta,815,,,,
Garbanzo To√±os 240g,26/09/2022,Repre,486,,,,
Garbanzos To√±os 576G,21/02/2025,RP,910,,,,
Gasa Compresa 4 * 4,5/07/2025,Vicente,150,,,,
Gasa Pros√°n 3 pulgadas,22/11/2024,Vicente,870,,,,
Gel Barber sachet x 24,16/07/2025,Serrano ,96,,,,
Gel Barber Stylez frasco 200g¬π¬≥,10/07/2025,Serrano,750,,,,
Gel Belcolor Sachet x 24,29/08/2023,Gomufa,104,,,,
Gel EGO Frasco 200ml,13/09/2024,Insoma ,1.068,,,,
Gel EGO sachets 10g x 24s,22/11/2024,Insoma,86,,,,
Gel Frasco Power 200ml¬π¬≥,22/09/2023,Insoma,951,,,,
Gel Plastigel sachets x30,13/02/2025,Llano,84,,,,
Gel Sachet Doy Pack 100g,11/04/2025,Llano ,501,,,, 
Gel Xtreme Frasco 250,04/06/2024,Solis,875,,,,
Gelatina China Frutas x 40,28/05/2024,Fabiola ,26,,,,
Gelatina China mini x20,18/07/2025,Fabiola,27,,,,
Gelatina Coraz√≥n Frutas,12/06/2025,Felipe,83,,,,
Gelatina Diet-X Pura**Rika 60ml,1/07/2025,Canasta,445,,,,
Gelatina G√©nesis Grande x20**,8/07/2025,G√©nesis,90,,,,
Gelatina L√°piz x 30,18/07/2025,Fabiola,80,,,,
Gelatina Livean 22G¬π,17/07/2025,Pozuelo ,391,,,,
Gelatina Royal Surt 80g,10/04/2025,Alfa,537,,,,
Globo #9 x50,19/02/2025,Vicente ,1.080,,,,
Golosina Angelito x50,14/03/2023,Solis,125,,,,
Golosina Anillo Oso x 24,29/05/2025,Felipe ,83,,,,
Golosina Ant√≠doto Zombie x 24,21/12/2024,Fabiola ,83,,,,
Golosina Botoneta Best CH x24,21/06/2025,Fabiola,53,,,,
Golosina Botoneta Best M x24,21/06/2025,Fabiola,53,,,,
Golosina Botoneta Dandy Chocodisk,05/12/2023,Gomufa,83,,,,
Golosina Brazalete x 48,29/05/2025,Fabiola,42,,,,
Golosina Cajeta Leche Delicia x30,03/07/2025,Felipe,40,,,,
Golosina Cajeta Mechuda coco¬π¬≥,19/06/2025,Felipe,240,,,,
Golosina Cajeta Surtida x40,05/06/2024,Felipe,80,,,,
Golosina Candy Ranch Tira x 30,09/02/2024,Fabiola ,60,,,,
Golosina Caramelo L√≠q Jelly Brush x 30,14/11/2024,Fabiola,83,,,,
Golosina Chisquetazo x 24,04/06/2025,Serrano ,120,,,,
Golosina Cono Choco Crunch x 20,8/05/2025,Fabiola ,83,,,,
Golosina Cono Marsmelo,07/03/2024,Felipe,40,,,,
Golosina Diana Cereza x24,18/07/2025,Fabiola ,125,,,,
Golosina Diana Nougat Fresa x 24,23/11/2023,Diana,50,,,,
Golosina Diana Perla x 12,02/07/2025,Fabiola ,125,,,,
Golosina Dooble Choco Brownie cake x 20,30/04/2025,Serrano ,80,,,,
Golosina Dulce L√≠q Rolon Candy x 12,16/07/2025,Serrano ,125,,,,
Golosina Dulce Tronador scar x 36,14/06/2024,Fabiola,83,,,,
Golosina Esferas Acidas 10 g x 30,26/06/2025,Felipe,80,,,,
Golosina Fruta Acida x50,24/09/2024,Fabiola,42,,,,
Golosina Fruty Dulce x 18,14/10/2024,Fabiola,83,,,,
Golosina Huevitos Dino 15  x 30 u,26/06/2025,Felipe,80,,,,
Golosina Lengua de Fruta x 60,12/06/2025,Serrano ,42,,,,
Golosina Limoncho Tira x40,10/07/2025,Serrano ,31,,,,
Golosina Locochas Chamoy x 60,22/02/2025,Fabiola,34,,,,
Golosina Lucas Muecas,11/03/2025,Gomufa Max,365,,,,
Golosina Maxi Tubo Winis x16,09/02/2024,Fabiola ,83,,,,
Golosina Mentas en Tira,29/05/2025,Fabiola ,42,,,,
Golosina Mini Minty x12,29/05/2025,Fabiola,192,,,,
Golosina Minty x 40,27/08/2024,Fabiola,60,,,,
Golosina Moneda Chocolate x 120,31/11/2023,Gomufa,21,,,,
Golosina Oka Loca Chicle,31/03/2023,Llano,120,,,,
Golosina Oka Loca Fusi√≥n x12,16/07/2025,Gomufa,125,,,,
Golosina Oka Loca Nano x24,08/05/2025,Fabiola,83,,    ,,
Golosina Pajilla Tattoo Stick Dinoloko,24/09/2024,Felipe ,80,,,,
Golosina Palillo Leche x50,18/07/2025,Fabiola,41,,,,
Golosina Pastacik x 24,21/06/2025,Fabiola,80,,,,
Golosina Pedrito x 24,29/10/2024,Gomufa,42,,,,
Golosina Pelo loco=Gelaso,07/03/2025,Fabiola ,80,,,,
Golosina Peloneta Chamoy x 10,29/05/2025,Fabiola ,231,,,,
Golosina Piedritas Sour 14 g x 30,18/07/2025,Felipe,80,,,,
Golosina polvi Finger x 30,08/08/2024,Fabiola,83,,,,
Golosina Polvo Sweet Pop,27/08/2024,Fabiola ,42,,,,
Golosina Push Pop x 24,03/07/2024,Serrano ,80,,,,
Golosina Skittles 61 g,27/08/2024,Fabiola ,500,,,,
"Golosina Slime Candy""Tubito""x 30",08/05/2025,Fabiola ,62,,,,
Golosina Soda Cola Lata x 30,08/02/2023,Fabiola,100,,,,
Golosina Soda Frutal Botellita 64,18/07/2025,Fabiola,21,,,,
Golosina Sour Tubes x 30 x 16g,08/05/2025,Felipe ,80,,,,
Golosina S√∫per Puper,09/06/2023,Fabiola,100,,,,
Golosina Tatuaje Neon x 30,09/08/2023,Felipe,83,,,,
Golosina Tatuaje Terror Largo x36,31/08/2023,Felipe,80,,,,
Golosina Tiras √Åcidas 220g 1*20,26/07/2021,Delmiran,80,,,,
Golosina Turr√≥n Man√≠ x50,22/05/2025,Vicente,40,,,,
Golosina Turr√≥n Mixto x 16,16/10/2024,Serrano ,83,,,,
Goma Barra Artline 21g,23/04/20025,Vicente,305,,,,
Goma Barra Artline 36g,19/06/2025,Vicente ,390,,,,
Goma Barra Pointer 21G,23/10/2024,Vicente,305,,,,
Goma Barra Pointer 36 G,13/09/2024,Vicente,390,,,,
Goma Barrilete 50g,20/03/2024,Gomufa,250,,,,
Goma Epoxi Steele cod 0617,20/03/2024,Vicente,1.120,,,,
Goma Fruwi 50g,12/12/2023,Gomufa,250,,,,
Goma Liquida 250g,05/06/2025,Vicente,710,,,,
Goma L√≠quida Pointer 120G*,09/01/2024,Vicente,481,,,,
Goma L√≠quida Pointer 40ml,05/06/2025,Vicente,160,,,,
Goma L√≠quida Pointer 60G,08/11/2024,Vicente,220,,,,
Goma Matrix 3G *s√∫per glue,19/06/2025,Vicente,92,,,,
Goma Okay Loca 50g,12/12/2023,Gomufa ,250,,,,
Gomita Ara√±a Yoloduck x 24,08/05/2025,Fabiola,83,,,,
Gomita Barrilete 50g,07/04/2025,Gomufa ,250,,,,
Gomita Docile Eucalipto x30,07/05/2025,Vicente ,64,,,,
"Gomita Docile Gelatines,Moras",18/07/2025,Fabiola,83,,,,
"Gomita Docile Unicornio,""pica color""",6/06/2025,Fabiola ,80,,,,
Gomita Docile Yogurt tubo x30,07/05/2025,Vicente ,80,,,,
Gomita Dori Gusano x 12,16/04/2025,Felipe ,83,,,,
Gomita Guzzy Tira x 12,20/05/2025,Sol√≠s,80,,,,
Gomita Helada Candy Conitos,19/03/2025,Felipe,83,,,,
Gomita Oka Loca Crunchy 40g,1/07/2025,Gomufa ,250,,,,
Gomita Trululu Arco iris 80 g,22/11/2024,Gomufa,400,,,,
Gomita Trululu Aros 90g,13/02/2024,Gomufa ,400,,,,
Gomita Trulul√∫ Aros Frutos Rojos 40g,7/04/2025,Gomufa ,250,,,,
Gomita Trululu Aros x 50 U,18/07/2025,Fabiola,21,,,,
Gomita Trululu Bananos 80g,17/02/2025,Gomufa,400,,,,
Gomita Trululu Casquitos 90g,04/06/2025,Gomufa,400,,,,
Gomita Trululu Chocolores x12 x 30g,08/05/2025,Fabiola,233,,,,
Gomita Trululu Clasica 80g,22/11/2024,Gomufa ,400,,,,
Gomita Trululu Dinos 80 g,28/01/2025,Gomufa,400,,,,
Gomita Trululu Durazno 40g,01/07/2025,Serrano ,250,,,,
Gomita Trululu Feroz 18g x25,27/11/2024,Serrano ,80,,,,
Gomita Trululu Feroz 90g,22/11/2024,Gomufa ,400,,,,
Gomita Trululu Franki 90g,13/02/2024,Serrano,400,,,,
Gomita Trulul√∫ Franki ind x 50u,18/07/2025,Gomufa ,21,,,,
Gomita Trululu Fresita 90g,04/06/2025,Serrano ,400,,,,
Gomita Trululu gajito 90g,26/06/2024,Gomufa,400,,,,
Gomita Trululu Gusanos 80g,18/06/2025,Serrano ,400,,,,
Gomita Trululu Lengua 90 g,22/11/2024,Gomufa,400,,,,
Gomita Trululu Marsmelo 65g,06/02/2023,Llano,406,,,,
Gomita Trulul√∫ Mini Ositos üçë 40g,6/06/2025,Gomufa ,250,,,,
Gomita Trulul√∫ Mix Silvestre 40 g,26/05/2025,Gomufa ,250,,,,
Gomita Trululu Monstry 75g ,22/11/2024,Gomufa,400,,,,
Gomita Trululu Nanos oka Loka 100g,30/04/2025,Gomufa ,500,,,,
Gomita Trululu Oros 80 g,18/06/2025,Serrano ,400,,,,
Gomita Trulul√∫ Oros √°cido 40g,01/07/2025,0Gomufa,0,,,,
Gomita Trululu Oros x 50U,14/07/2025,Gomufa ,42,,,,
Gomita Trululu Ping√ºino 90 g,27/02/2024,Gomufa,400,,,,
Gomita Trululu Sabores 90 g,26/06/2025,Gomufa,400,,,,
Gomita Trulul√∫ Sabores x 12,8/04/2025,Fabiola ,160,,,,
Gomita Trululu Sand√≠a 90 g Sabores,13/02/2024,Gomufa ,400,,,,
Gomita Trululu Splash sabores 90 g,24/09/2024,Gomufa,400,,,,
Gomita Trululu tropical 90 g,21/02/2023,Gomufa,400,,,,
Gomita Willy Fresita x 24,26/06/2025,Serrano -S,40,,,,
Gomita Willy Manguis x 12,13/06/2025,Solis ,80,,,,
Gomita Willy Sand√≠a x 12,13/06/2025,Solis-Serr,80,,,,
Gomita Yupi My Watch Reloj x 12,8/05/2025,Fabiola ,104,,,,
Grapa Escolar,02/02/2022,Vicente,180,,,,
Grapa para Cable 20 pieza,13/10/2021,Vicente,280,,,,
Grapadora Escolar,12/05/2020,Maxi,400,,,,
Guante de Hule Talla M,22/05/2025,Vicente,560,,,,
Guante Latex Talla M x 50 pares,22/05/2025,Vicente ,40,,,,
Guaro El A√±ejos 345ml,16/07/2025,Serrano ,750,,,,
Halls Barra Cereza,19/06/2025,Alfa,267,,,,
Halls Barra Colores 25.2G,12/05/2025,Alfa,267,,,,
Halls Barra Estrastrong,07/05/2025,Serrano ,246,,,,
Halls Barra Extra Fuerte 25.2G,14/05/2025,Solis-Serr ,245,,,,
Halls Barra Lim√≥n y Miel 25.2 x9,02/07/2025,Alfa,291,,,,
Halls Barra Mora 25.2,02/07/2025,Alfa,291,,,,
Halls Barra Yerbabuena Mora,04/04/2025,Solis,285,,,,
Harina Gold Medal 1kG 1% Sabemas,06/06/2025,Maxi,720,,,,
Harina la Familia ,20/11/2024,Canasta ,649,,,,
Helado Alaska 1/4 gal√≥n (500g)**,02/07/2024,DosPinos,2.062,,,,
Helado Alaska Cajita 31/2 onz**,10/04/2025,DosPinos,458,,,,
Helado Alaska Choco Paleta 60g,17/08/2022,Dos Pinos,278,,,,
Helado Alaska Cono Vainilla(70G **,17/07/2025,DosPinos,480,,,,
Helado Alaska Paleta Choc 75G**x24,19/06/2025,Dos Pinos,163,,,,
Helado Alaska Palillo 75G*x30**,10/04/2025,Dos Pinos,125,,,,
Helado Del Sur Capuchino x12,30/07/2021,Del Sur,325,,,,
Helado Del Sur Feliz Natilla x30*,07/02/2020,Del Sur,3.000,,,,
Helado Del Sur Sabrosito surtx24*,30/07/2021,Del Sur,83,,,,
Helado DP Alaska Nieve 600g,15/10/2024,DP,1.600,,,,
Helado DP Caja 1/2l√≥n**,17/08/2022,DP,5.323,,,,
Helado DP Caja 1/4 l (499g)*Crema,03/07/2025,DosPinos*,1.600,,,,
Helado DP Cajita 1 Pinta (272g)**,22/05/2025,DosPinos,1.655,,,,
Helado DP Cajita 1/2 Pinta (131g)**,17/05/2023,DosPinos,1.002,,,,
Helado DP Cero Grados,14/08/2023,Dos pinos,400,,,,
Helado DP Choco Bigger,17/07/2025,Dos Inos,399,,,,
Helado DP Choco Snack paleta x 24**,12/06/2025,DosPinos,368,,,,
Helado DP Chocoleta (75g)**,03/04/2025,DosPinos,717,,,,
Helado DP Cono Deleite 1/4,29/11/2023,Dos Pinos,480,,,,
Helado DP Cono krunchy krisp(75g)*,04/06/2025,DosPinos,717,,,,
Helado DP Mini s√°ndwich **,17/07/2025,DosPinos,323,,,,
Helado DP Parejita Choc x 27**,04/09/2021,DosPinos,370,,,,
Helado DP Parejita Chocolate x 27,04/02/2025,Dos Pinos,373,,,,
Helado DP Pinoleta x 24,31/07/2021,DosPinos,165,,,,
Helado DP Sundae Chocolate**,22/05/2025,DosPinos,400,,,,
Helado DP Sundae Churchill**,08/11/2023,DosPinos,877,,,,
Helado DP Super Cono x 12,10/07/2023,DosPinos,400,,,,
Helado DP Trits,22/05/2025,DosPinos,1.041,,,,
Helado G√©nesis Capuchino ,18/07/2025,Genesis,250,,,,
Helado Genesis Cremix Coco x12*,20/05/2025,G√©nesis,250,,,,
Helado Genesis Cremix Fresa x12,06/06/2025,G√©nesis,250,,,,
Helado Genesis Cremix Granizadox12,12/06/2023,G√©nesis,250,,,,
Helado Genesis Cremix Mango,1/07/2025,G√©nesis,250,,,,
Helado G√©nesis Paleta Surt x 20,01/04/2025,G√©nesis,90,,,,
Helado Genesis Tap√≥n Cond x20,18/07/2025,G√©nesis,150,,,,
Helado Nieve de Frutas x 12,17/05/2025,Fabiola ,83,,,,
Helado Sensaci√≥n Amor de Fresa x 10,6/11/2024,Sensaci√≥n,480,,,,
Helado Sensaci√≥n Cremo Ring x 20,17/07/2025,Sensaci√≥n,160,,,,
Helado Sensaci√≥n Fripo x 8,5/09/2024,Sensaci√≥n,440,,,,
Helado sensaci√≥n Paquita Coco x 20,1/08/2024,Sensaci√≥n,279,,,,
Helado Sensaci√≥n Pinta Crema Chip,13/02/2025,Sensaci√≥n,1400,,,,
Helado Sensaci√≥n Rin Natilla Fresa x 10 ,1/08/2024,Sensaci√≥n,467,,,,
Helado Sensaci√≥n Sundae surtido x 6,9/10/2024,Sensaci√≥n,560,,,,
Helado Sensaci√≥n Yupi 70 g x 20,26/06/2025,Sensaci√≥n,120,,,,
Helado Sensaci√≥n-Chocosensaci√≥n x 10,1/08/2024,Sensacion ,467,,,,
Higi√©nico 1000,13/01/2025,Gomufa,345,,,,
Higi√©nico Encanto 4 R*,21/02/2024,Serrano ,800,,,,
Higi√©nico Nevax Economax,06/06/2025,RP,460,,,,
Higi√©nico Nevax Practimas*,11/04/2025,Repres,247,,,,
Higi√©nico Scoth 2EN1 Amarillo ,15/03/2024,Jes√°n ,719,,,,
Higi√©nico Scott Esencias*,25/10/2023,Jes√°n,428,,,,
Higi√©nico Scott x 4,19/06/2025,Alfa,1.271,,,,
higi√©nico solare 1000H*,28/05/2025,Serrano,375,,,,
Higi√©nico Yumbo Eco Roll¬π,26/06/2025,Serano,1.000,,,,
Higi√©nico Yumbo Nevax,03/11/2023,Repres,1.064,,,,
Hilo Campana Negro,05/06/2025,Serrano,86,,,,
Hilo Campana Surt x8,08/11/2024,Vicente,86,,,,
Hilo Dental Colgate 25mt¬π,28/09/2023,Canasta,1.642,,,,
Hilo Dental Johmson Menta 50 m¬π,22/09/2023,Represent,3.045,,,,
Hisopo p/ Inodoro Eterna,21/03/2024,Canasta ,650,,,,
Hoja Blanca Chamex x 500,18/01/2025,Maxi,1.680,,,,
Hoja color ne√≥n x 50,10/04/2024,Casoma,20,,,,
Hoja Color x100U,07/07/2023,Vicente,13,,,,
Hoja Rayada b√∫ho x 80,31/07/2023,Maxi,995,,,,
Hongos Richy rebanados,1/07/2025,Max,700,,,,
Hongos To√±os Rebanado 184G,13/06/2025,Repre,469,,,,
Huevito Trueno x 24,18/07/2025,Felipe ,83,,,,
Huevo Dino Tattoo sorpresa x 20,04/02/2025,Fabiola ,83,,,,
Huevo Dino Tattoo Sorpresa x 50,18/07/2025,Fabiola ,42,,,,
Huevos Kilo,03/07/2025,Ranchero,1.600,,,,
Insecticida Raid Acci√≥n Total 400ml,07/11/2022,El Llano,2.400,,,,
Jab√≥n L Axi√≥n barra 250 g**,19/12/2024,Canasta,675,,,,
Jab√≥n L Axi√≥n Cajita 235g**,08/01/2024,Serrano ,524,,,,
Jab√≥n L Axi√≥n Disco 115g**,21/04/2025,Canasta,369,,,,
Jab√≥n L Do√±a Blanca 170g**,01/02/2024,Canasta,456,,,,
Jab√≥n L IREX Caja 250g,21/04/2025,Canasta ,446,,,,
Jab√≥n L Irex Cilindro 180 g,1/07/2025,Llano ,341,,,,
Jab√≥n L IREX Cilindro 90g,22/03/2025,Del Llano,170,,,,
Jab√≥n L Irex Lavaplatos 1000g*,23/05/2025,Maxi,980,,,,
Jab√≥n L Oso Blanco Litro ,6/03/2025,Insoma,983,,,,
Jab√≥n L Suntex 1000g,15/07/2022,RP,650,,,,
Jab√≥n L Zagaz Disco 115g,20/09/2024,Jes√°n,219,,,,
Jab√≥n L√≠quido Bactex,09/12/2022,Max,750,,,,
Jab√≥n L√≠quido Olimpo 250ml,06/06/2025,Max,430,,,,
Jab√≥n L√≠quido Salvo 215g,25/04/2023,Max,460,,,,
Jab√≥n Monte azul 200 g**,24/05/2025,Canasta ,360,,,,
Jab√≥n Monte Azul 400g,09/03/2020,Canasta,441,,,,
Jab√≥n T Bactex 100g,18/07/2024,Serrano ,500,,,,
Jab√≥n T Des O Tres 110g x 4,01/04/2025,Max,612,,,,
Jab√≥n T Dove 130g,18/08/2020,Canasta,888,,,,
Jab√≥n T Dove 90g,04/11/2024,Max,780,,,,
Jab√≥n T Harmony Frutas,09/07/2021,Vicente,170,,,,
Jab√≥n T Menen 100G*,02/07/2025,Serrano,700,,,,
Jab√≥n T Palmolive 110g x3,12/02/2025,Serrano ,525,,,,
Jab√≥n T Protex Limpieza 110g,22/06/2025,Solis ,560,,,,
Jab√≥n T Rexona 110g,06/03/2025,Insoma,489,,,,
Jab√≥n Zote Blanco 100gr,27/11/2024,Serrano ,500,,,,
Jalea Perucho 230g*,13/11/2024,Serrano ,450,,,,
Jalea Tricopilia Guayaba**,03/06/2025,Canasta,577,,,,
jalea Tricopilia Pi√±a 250g¬π¬≥,28/09/2024,Canasta,610,,,,
Jam√≥n kimby 250g,14/07/2025,Cinta Azul,1.266,,,,
Juego Cartas Uno,20/12/2024,Vicente ,670,,,,
Juego Geometria Artesco 20CM,12/02/2020,Vicente,420,,,,
Jugo DP Naranja/Zanah 1.8,18/09/2024,DosPinos,2.301,,,,
Jugo DP TB Naranja 1L**,26/06/2025,DosPinos,1.094,,,,
Jugo DP TB Naranja 250ml** x 6,16/04/2025,DosPinos,426,,,,
Jugo Jugazzo lata **,22/06/2025,Solis,390,,,,
Jugo Juzzo Caja 200 ml,17/03/2023,Solis,188,,,,
Juguete Para Agua üíß x 24,7/03/2025,Vicente ,65,,,,
Juguete Peque√±o p/ agua x 6,12/10/2023,Vicente,93,,,,
Laca Belcolor 60ml,15/12/2023,Serrano,465,,,,
Laca Fijamax Spray,01/09/2023,Vicente,690,,,,
Lactocrema DP 115g*,18/09/2024,DosPinos,1.340,,,,
Lactocrema DP caja 210g,22/05/2024,Dos Pinos,1.276,,,,
Laminita Baygon x 16,09/04/2025,Llano,1.597,,,,
Laminita Rait x 16,09/04/2025,El Llano,1.929,,,,
Lapicero Bic Azul x 12,07/09/2024,Solis,108,,,,
Lapicero Bic Negro  x 12,21/05/2025,Serrano ,125,,,,
Lapicero Bic Rojo x 12 fino,20/03/2019,Pal,1.124,,,,
L√°piz Color Corto pointer 1x12,11/01/2024,Vicente ,360,,,,
L√°piz de Color Pointer largo x12,18/03/2025,Vicente ,710,,,,
L√°piz Grafito Faber x12,18/09/2019,Vicente,1.290,,,,
L√°piz Grafito Facela x 12,31/08/2023,Max,42,,,,
L√°piz Grafito Mongol 1x 12,16/10/2024,Serrano,125,,,,
Lazo para Regalo*10,16/11/2024,Casom,112,,,,
Leche Condensada Nestl√© 100g*,23/10/2024,Serrano ,485,,,,
Leche Condensada Nestl√© 385g **,24/07/2024,Maxi,1.085,,,,
Leche condensada Pinito 397G,18/09/2024,Dos Pinos,1.120,,,,
Leche Condensada Pinito 90g,17/07/2025,Dos Pinos,441,,,,
Leche de coco Hom-D 400ml,28/08/2021,Gomufa,1.062,,,,
Leche Delactomy DP 2% 946ml,01/05/2025,Dos Pinos,1.205,,,,
Leche Dos Pinos Bienestar 300g,16/10/2024,DosPinos,1.364,,,,
Leche Evaporada DP 410ml,18/03/2025,DosPinos,900,,,,
Leche Evaporada Ideal 360g**,21/02/2025,Max,900,,,,
Leche L 1.8 Dos Pinos,17/07/2025,DosPinos,1.204,,,,
Leche L 670 Bolsa DP,17/07/2025,Dos Pinos*,441,,,,
Leche L LT caja Dos Pinos ,17/07/2025,Dos Pinos,682,,,,
Leche Lula Choc 180ml,15/01/2025,Dos Pinos,371,,,,
Leche Magnesia Rey Sobre,27/11/2024,Serrano,483,,,,
Leche Polvo Nutri 350g,29/01/2025,Dos Pinos,1446,,,,
Leche Polvo Pinito ¬π¬π‚Å∞g,31/12/2024,DosPinos,1.022,,,,
Leche Semid LT TB 2%,12/06/2025,DosPinos,1.084,,,,
Leche Semidescremada Azul 250ml,26/06/2025,Dos Pinos ,379,,,,
Lenteja La Familia 400g**,05/11/2024,Canasta,616,,,,
Libreta #1,12/10/2022,Cadena,75,,,,
Libreta #2 x 6**,05/06/2025,Vicente,150,,,,
Liga para Cabello,05/06/2025,Vicente,87,,,,
Lima p/ u√±as 1x12,22/05/2025,Vicente,29,,,,
Lima para u√±as grande Negra,21/05/2025,Serrano,140,,,,
Limpiador 409 Bolsa,21/05/2022,jes√°n,817,,,,
Limpiador Ajax (IREX) 250G,09/10/2020,Maxi,390,,,,
Limpiador Brasso Bolsa,23/12/2024,Repre,1.305,,,,
Linterna 7 LEDS Rayovac,04/11/2022,Solis,3.300,,,,
Ma√≠z Dulce Roma 240G**,11/4/2025,Llano,432,,,,
Ma√≠z Dulce To√±os 185,30/05/2025,RP,452,,,,
Ma√≠z Palomita la Familia*,05/11/2024,Canasta,477,,,,
Maizena 140 G*,12/07/2024,Insoma,1.022,,,,
Maizena 90g *,12/07/2024,Insoma,727,,,,
Maizena Don Perucho 200g,27/12/2024,Serrano ,600,,,,
Man√≠ Cashitas 20g,26/06/2025,Gomufa ,83,,,,
Man√≠ Rumba rapi√±ado 80G,06/06/2025,Tosty,333,,,,
Man√≠ Rumba Salado 80g**,06/06/2025,Tosty,333,,,,
Manteca Cacao**,08/07/2024,briel,292,,,,
Manteca Clover 230g*,19/12/2023,Canasta,318,,,,
Manteca Clover 460*,08/04/2025,Canasta,631,,,,
Mantequilla La barrita 115 g,14/05/2022,Dos P,803,,,,
Maquinilla De Afeitar Cajita ,18/03/2025,Vicente ,920,,,,
Maquinilla Metal Doble**,02/06/2019,Maxi,110,,,,
Maquinilla p/ Afeitar,06/01/2022,Vicente,630,,,,
Maquinilla Plastica Maped**,17/03/2021,Maxi,150,,,,
Maquinilla Pointer peq c/frasco *,16/10/2024,Vicente,145,,,,
Marcador Arline Perma Negro,26/08/2020,Cadena,403,,,,
Marcador Faber Acr√≠lico Negro -Rojo,20/12/2024,Vicente,260,,,,
Marcador Pointer Negro -Szul,20/12/2024,Vicente,380,,,,
Marcadora Duodeli MX - 5500,29/01/2021,Casoma,1.900,,,,
Marshmello Eye Jam x 80,30/01/2025,Fabiola ,25,,,,
Marshmello zool√≥gico x 30,1/07/2025,Felipe ,83,,,,
Marsmelo chocomanchas,2/07/2025,Fabiola ,103,,,,
Marsmelo Cikobum x48**,18/10/2022,Fabiola,60,,,,
Marsmelo Mallows 75g,03/03/2025,Gomufa,362,,,,
Marsmelo Mallows Figura 50g,13/01/2024,Gomufa ,290,,,,
Marsmelo Mallows Margarita 35g**,03/03/2025,Gomufa*,197,,,,
Marsmelo Mallows pastel,10/09/2024,Gomufa,80,,,,
Marsmelo Mallows Twist Peq x24,12/03/2025,Fabiola ,62‚Åµ,,,,
Marsmelo Mega Colores Gd x 30,19/10/2024,Fabiola ,63,,,,
Marsmelo Mini Willy Tira**,19/03/2025,Serrano,61,,,,
Marsmelo Molina,12/12/2023,Fabiola,100,,,,
Marsmelo Tians Relleno x 50u,01/07/2025,Gomufa,28,,,,
Marsmelo Trululu coco 65g,21/10/2022,Llano,400,,,,
Masa Maseca 500g,16/05/2025,Tosty,909,,,,
Masa Mimasa 750 1%,26/04/2025,Tosty,1.086,,,,
Mascarilla Desechable x 50,26/05/2023,Fabiola,50,,,,
Mascarilla Red Point,01/02/2022,Maxi,100,,,,
"Masking Tape Kenington 1 1/2""",13/04/2020,Cadena,573,,,,
"Masking Tape Kenington 1""",16/07/2025,Serrano ,490,,,,
"Masking Tape Kenington 1/2""",07/05/2025,Serrano ,275,,,,
"Masking Tape Kenington 3/4""",06/12/2023,Vicente,590,,,,
Mayonesa Banquete 100g **,26/06/2025,Serrano ,415,,,,
Mayonesa Banquete 200g*,30/01/2025,Jes√°n,656,,,,
Mayonesa Hellmann's Lim√≥n 400G*,08/12/2023,Insoma ,1.404,,,,
Mayonesa Hellmans Lim√≥n 190g¬π,21/05/2025,Insoma ,817,,,,
Mayonesa Hellmans Natural 380g¬π,06/05/2025,Insoma,1.093,,,,
Mayonesa Lizano 190 ml,18/03/2025,Serrano ,831,,,,
Mayonesa Lizano 380 ML,17/06/2025,Insoma,1000,,,,
Mermelada La Constancia 200g,23/05/2022,Gomufa,600,,,,
Mezcla Rompope,28/12/2020,Canasta,248,,,,
Miel Abejita 150g*,15/01/2025,Manzat√©,1.262,,,,
Mortadela Cuadrada 500grm,22/08/2023,Cinta Azul,1.924,,,,
Mortadela kimby 375g,14/07/2025,Cinta A,1.078,,,,
Mortadela kimby Bolog√±a 250g,14/07/2025,Cinta A,717,,,,
Mortadela kimby familiar 500 g,16/04/2025,Cinta Azul,1111,,,,
Mortadela Premier 150g,24/06/2025,Cinta A,520,,,,
Mostaza Hellmann's 100g 13%,1/07/2025,Insoma ,686,,,,
Mostaza Hellmann's 190 gr doy pack,21/02/2025,Insoma,1.047,,,,
Muslito kimby x 4,03/06/2025,Cinta Azul,667,,,,
Muslito Pollo la Granja x4,29/01/2025,Dos Pinos,823,,,,
Naipe Chino Plastico Cajita x 2= 800,20/12/2024,Serrano ,790,,,,
Natilla Casera 250 g *,16/07/2024,Cinta Azul ,460,,,,
Natilla del Prado C/Sal 130G*,24/06/2025,Cinta A,414,,,,
Natilla del Prado C/Sal 300G **,08/07/2025,Cinta A,735,,,,
Natilla la Granja C/Sal 115G BN,17/07/2025,Dos Pinos,379,,,,
Natilla la Granja C/Sal 300G *,17/07/2025,Dos Pinos,848,,,,
Natilla Zarcero C/ Sal Bolsa 300g 1%,17/07/2025,Dos Pinos,775,,,,
Natilla Zarcero Doy Pay 400g,22/05/2025,Dos Pinos ,1118,,,,
Navaja Cutter,04/05/2022,Maxi,340,,,,
Navajilla Astra 1x5,02/05/2025,Solis,285,,,,
N√©ctar del Valle 200ml,18/07/2025,Femsa,139,,,,
N√©ctar DP Manzana TB Lt,24/04/20025,Dos Pinos,864,,,,
Nectar DP Melocoton TB LT**,05/07/2023,DosPinos,852,,,,
N√©ctar DP Mixto Frutas 200ml**,09/07/2025,Dos Pinos,275,,,,
N√©ctar DP Mixto Frutas TB 1L**,26/06/2025,DosPinos,865,,,,
N√©ctar DP Pera TB 1 L,26/06/2025,Dos Pinos,865,,,,
N√©ctar DP Pera TB Lt,23/01/2023,DosPinos,852,,,,
N√©ctar Pulp Meloc TB 145ml x 24 G,29/04/2022,Big,125,,,,
Neftalina Bolsa 50g,9/01/2024,Vicente,490,,,,
Nuez Moscada Bah√≠a 5unid,30/06/2020,Canasta,701,,,,
N√∫mar Cabitos De Sabor Ajo 180 g,27/07/2021,Max,661,,,,
Numar Classica 1x4 ¬π,1/07/2025,Canasta,259,,,,
N√∫mar Taste barra 1x4*,05/11/2024,Canasta,273,,,,
N√∫mar Taste Caj 215g *,10/05/2025,Canasta,730,,,,
Numar Taste Caja 425ml *,05/11/2024,canasta,1.147,,,,
Oferta Mayonesa lizano 380 g +tomate 383,17/03/2025,Insoma,1605,,,,
P Arrollado Deli¬π¬≥,08/05/2025,Fabiola,1.130,,,,
P Arrollado Merendina 1x3,26/06/2025,Pozuelo,380,,,,
P Arrollado Nestl√© Navide√±o,23/11/2022,Pozuelo,800,,,,
P Arrollado Tentaci√≥n ,09/04/2025,Pozuelo,1.615,,,,
P Bizcocho Casero 140,18/04/2023,Gomufa,866,,,,
P Bizcocho Zarcere√±a 150g*,02/07/2025,Fabiola,820,,,,
P Bizcocho Zarcero 75g Fand,02/07/2025,Fabiola,455,,,,
P Bonette del Trigo,28/06/2023,Santiago,800,,,,
P Borracho Moana,02/07/2025,Fabiola,1.040,,,,
P Cacho Keymar ,06/06/2025,Fabiola ,1.000,,,,
P Casero Lulu,30/01/2025,Fabiola ,960,,,,
P Costilla Dulce Monserrat¬π¬≥,18/07/2025,Fabiola,1.000,,,,
P Empanada Albicsa,30/07/2024,Hacienda,700,,,,
P Empanada Keymar Pi√±a,29/05/2025,Fabiola ,1.014,,,,
P Empanada Keymar Queso¬π,29/05/2025,Fabiola,1.014,,,,
P Empanada Santiago,12/07/2023,Santi,800,,,,
P Empanada Zarcero Dulce Leche**,01/09/2022,Fabiola,1.125,,,,
P Enlustrado Moana**,19/10/2024,Fabiola,1.010,,,,
P Galleta Keymar Estrella¬π,18/01/2025,Fabiola ,961,,,,
P Galleta Keymar Punto,09/02/2024,Fabiol,960,,,,
P Galleta Natilla Moana,02/07/2025,Fabiola,1.040,,,,
P Gato Deli Premium ,28/09/2024,Fabiola,1.100,,,,
P Lengua Marselleza*,06/06/2025,Fabiola,970,,,,
P Palillo Dulce Moana,02/11/2024,Fabiola,1.010,,,,
P Palillo Gasparin,14/09/2023,Fabiola,895,,,,
P Palillo Queso Moana,18/07/2025,Fabiola,1.040,,,,
P Palmerita Monserrat**,18/07/2025,Fabiola,1.030,,,,
P Pan Casero Chery,17/08/2024,Fabiola ,1.050,,,,
P Pastel Naby Pi√±a **,02/07/2025,Fabiola,745,,,,
P Pastel Naly Dulce Leche,13/04/2024,Fabiola ,775,,,,
P Pastel Pi√±a Santiago,12/07/2023,Santi,630,,,,
P Rosca Casera,25/01/2024,Fabiola,940,,,,
P Rosca Coco Monserrat**,22/06/2023,Fabiola,995,,,,
P Rosca queso Moana¬π,02/07/2025,Fabiola,1.040,,,,
P Tap√≥n albicsa,30/07/2024,Hacienda,800,,,,
P Tap√≥n Marselleza x9**,06/06/2025,Fabiola,1.125,,,,
Pabilo,23/11/2022,Vicente,380,,,,
Pajilla Metal 2U,18/09/2021,Maxi,300,,,,
Paleta Dino x 40,3/09/2024,Felipe ,40,,,,
Paleta Madera x 50,9/01/2024,Vicente,410,,,,
Paleta Marsmelo Bomboleta,4/01/2025,Fabiola,80,,,,
Paleta Navidad x 30,13/11/2024,Felipe,83,,,,
Palillo Dientes Flor,27/12/2024,Serrano ,113,,,,
Palillo Premier 500,2/08/2024,Vicente ,420,,,,
Palo Piso Eterna con palo*,04/05/2022,Canasta,2.422,,,,
Palomita Popi Jack's Caram 99g,19/02/2025,Jacks,625,,,,
Palomita Popi Jack's Cheddar 85 g,05/07/2025,Jacks,625,,,,
Palomita Popi Jack's Mantequilla 85 g,05/07/2025,Jacks,583,,,,
Palomita Popi Jack's Natural ,07/02/2025,Jacks,583,,,,
Pa√±al Huggies M x 4,31/07/2024,Alfa,791,,,,
Pa√±al Huggies pq x 4,29/11/2024,Alfa,791,,,,
Pa√±al Huggies XXLG 8 u,1/07/2025,Insoma,1.307,,,,
Pa√±al Teddies XG Jumbo x 50,12/06/2023,Jes√°n ,160,,,,
Papa 750g,22/03/2025,Cinta Azul,1300,,,,
Papa kryzpo 37g,19/6/2025,Pozuelo ,360,,,,
Papa Pom' Claire 1,16/07/2024,Cinta Azul,1414,,,,
Papel Aluminio 16*,14/03/2025,Represe,622,,,,
Papel Aluminio PAL 25Pies,23/12/2024,Represe,916,,,,
Papel Cartulina Hoja x30,10/04/2024,Casoma ,0,,,,
Papel cartulina l√°mina,03/07/2024,Rey,225,,,,
Papel Cartulina Satinada Carta,00/12/2023,Casoma,0,,,,
Papel China,00/12/2023,Casoma,240,,,,
Papel Construcci√≥n x 36U,00/12/2023,Casoma,0,,,,
Papel Encerado,05/06/2023,Canasta,0,,,,
Papel Peri√≥dico,00/12/2023,Casoma,172,,,,
Papel Regalo Ladrillo,30/10/2023,Casoma,195,,,,
Papel Regalo Navide√±o,15/11/2024,Casoma,150,,,,
Papel Regalo Surtido,1/07/2025,Rey,175,,,,
Parche Bicicleta,10/01/2024,Serrano,500,,,,
Parche Le√≥n GDE,02/08/2023,Serrano,0,,,,
Parche Salonpas x10,20/08/2024,Gabriel ,1.275,,,,
Pasas Perucho 100g,22/09/2023,Gomufa,298,,,,
Past Acetaminof√©n x 100,27/05/2025,Serrano ,16,,,,
Past Aleve Gel x24,11/06/2025,Serrano ,256,,,,
Past Aleve x 36,11/06/2025,Serrano,204,,,,
Past Alka A-D x 60,26/06/2025,Serrano,180,,,,
Past Alka Extreme x 50,10/07/2025,Serrano ,190,, ,,
Past Alka G√°strica x36,29/01/2025,Serrano,216,,,,
Past Alka Seltzer Classica x 60u,12/03/2025,Serrano,158,,,,
Past Antifludes M√°s ¬≤,21/02/2025,Repre,300,,,,
Past Antigripal Gex D√≠a,12/03/2025,Cadena,220,,,,
Past Antigripal Gex Noche,14/05/2025,Serrano,220,,,,
Past Aspirina Avance x 20,23/05/2025,Maxi,125,,,,
Past Aspirina Forte x 20,11/12/2024,Serrano,94,,,,
Past Dolo-neurobion x 5,30/05/2025,Solis,306,,,,
Past Dorival Gel x 36 2%,12/02/2025,Serrano ,262,,,,
Past Ibuprofeno,24/11/2023,Me,0,,,,
Past Nervesa 25mg x10,09/08/2024,Solis,264,,,,
Past Panadol Extra Fuerte x50s,11/12/2024,Gomufa,192,,,,
Past Panadol Gripe D√≠a x16*,15/04/2025,Gomufa ,275,,,,
Past Panadol Gripe Noche x8s,27/09/2024,Solis,280,,,,
Past Panadol Multisintomas 24sobres,10/07/2025,Serrano,302,,,,
Past Panadol Ni√±os x 100 und,02/07/2025,serrano,84,,,,
Past Panadol Senusitis x 12s,14/05/2025,Serrano ,300,,,,
Past Panadol Ultra 52x2,18/06/2025,Serrano,208,,,,
Past Pronol Femenina ,30/05/2025,Solis,325,,,,
Past Pronol x 30,26/06/2025,Serrano ,142,,,,
Past Tabcin Eferv Ni√±o x 60u,27/11/2024,Serrano ,150,,,,
Past Tabcin Efervescente Adult,00/12/2023,Gomufa,159,,,,
Past Tabcin Gel D√≠a caps,11/06/2025,Serrano,425,,,,
Past Tabcin Gel Noche x 30u,11/06/2025,Serrano,425,,,,
Past Tabcin Gel Tos,10/07/2024,Serrano,408,,,,
Past Tabcin Ni√±o Masticable x 48u,26/01/2024,Llano,146,,,,
Past Tiamina & Cafeina Cenco x 60u,22/06/2025,Serrano ,108,,,,
Past Viajesan x50,20/02/2024,Gomufa,133,,,,
Pasta Colgate 22 ml,11/12/2024,Serrano,450,,,,
Pasta Colgate 50ml,16/07/2025,Serrano ,751,,,,
Pasta Colgate Ni√±os 50g,05/06/2024,Serrano ,595,,,,
Pasta Colgate triple 75 ml,18/6/2025,Solis,976,,,,
Pasta D' gussto caracolito 200 g x 12,19/10/2024,Aje,360,,,,
Pasta D'Gussto 200g,14/03/2024,Aje,345,,,,
Pasta Lucema Canel√≥n ,20/09/2024,Llano,637,,,,
Pasta Lucema Caracolito,11/04/2025,Llano ,518,,,,
Pasta Lucema Spaquetty ,11/04/2025,Canasta,490,,,,
Pasta Lucema Tallar√≠n 300g,7/02/2025,Llano,847,,,,
Pasta Lucema Tornillo ,14/06/2024,Llano,518,,,,
Pasta Milano Spaghetti ,19/07/2024,Llano ,347,,,,
Pasta Roma Mini Tornillos,13/09/2024,Llano,588,,,,
Pasta Roma Tomate ,1/07/2025,Max,310,,,,
Pasta Roma Tomate üçÖ,24/12/2024,Maxi,236,,,,
Pastelillo Chiky Choco Boing,26/02/2025,Pozuelo,481,,,,
Pastelillo Chiky Flip choco blanco,20/03/2025,Pozuelo,541,,,,
Pastilla Chao Cereza Yerbabuena x 16,08/04/2025,Fabiola ,123,,,,
Pastilla Gallito Menta,2/10/2024,Dos Pinos,132,,,,
Pastilla Gallito Violeta,23/04/20025,Dos Pinos,132,,,,
Pastilla Terror Surtida 50g,09/04/2025,Llano,320,,,,
Patecito Cinta Azul 100g,06/06/2025,Cinta Azul,772,,,,
Peine ancho colores,6/11/2024,Serrano ,180,,,,
Peine con punta colores x12,6/11/2024,Serrano ,137,,,,
Peine Marfil x12,22/05/2025,Vicente,110,,,,
Peine Negro x 12,26/06/2025,Vicente-S,68,,,,
Penetrante WD40,27/05/2021,Vicente,1.829,,,,
Perfiladora de Cejas,05/06/2025,Vicente,510,,,,
Peti Pois Con Zanahoria To√±os 240G*,22/03/2025,Repre,503,,,,
Peti Pois Del To√±o 240g **,13/12/2024,Repre ,503,,,,
Pila Duracell Alcalina 2A Tira6,09/06/2023,Gomufa,385,,,,
Pila Eveready Carb√≥n 2A ,13/12/2024,Alfa ,160,,,,
Pila Maxell 2A Par,06/11/2024,Serrano ,460,,,,
Pila Maxell 3A 2A Tira,02/07/2025,Serrano ,192,,,,
Pila Maxell 3A Par,13/11/2024,Serrano G,460,,,,
Pila Maxell CR2032 Control carro,19/02/2025,Vicente,610,,,,
Pila Maxell D,22/03/2022,Gomufa,1.336,,,,
Pila Panasonic cuadrada,21/05/2019,Solis,562,,,,
Pin oficina,12/05/2020,Maxi,175,,,,
Pincel Pointer x 6U,12/05/2022,Vicente,910,,,,
Ping√ºino Raund x 24,21/06/2025,Vicente ,80,,,,
Pinza para Cejas,18/07/2025,Vicente,620,,,,
Pira√±a Grande x 12,31/03/2023,lipan,84,,,,
Pirinolita x24,8/7/2024,Fabiola ,83,,,,
Plastico Adhesivo Pointer x 20mtr,02/03/2022,Vicente,344,,,,
Plastilina caja 1x12,18/07/2025,Vicente,749,,,,
Plato Desechable festival # 6,11/04/2025,Canasta,429,,,,
Plato desechable festival # 7,1/07/2025,Canasta,485,,,,
Plato desechable festival # 8,06/04/2022,Fabiola,484,,,,
Plato Desechable Festival #9,23/08/2024,Canasta,599,,,,
Plato Hondo Bowln #6,27/03/2023,Canasta ,574,,,,
Pollo Combo 1.375,02/04/2024,Cinta Azul,3.853,,,,
Pollo Muslo**Entero ,17/06/2025,Cinta Azul,1.500,,,,
Pollo Pechuga*,02/07/2025,Cinta Azul,2.223,,,,
Polvo para Hornear Frasco 100g,02/04/2024,Canasta,684,,,,
Popi Barrilete x24,21/06/2025,Fabiola ,40,,,,
Popi Bolygoma,28/04/2025,Fabiola,65,,,,
Popi Bubbaloo 1x20,18/01/2024,Femsa,100,,,,
Popi Colombina Clear,16/07/2025,Gomufa,42,,,,
Popi Colombina Fresa x24,01/07/2025,Serrano ,42,,,,
Popi Colombina Sand√≠a sensaci√≥n24,18/07/2025,Fabiola ,42,,,,
Popi colombina Sandia x24*Power,07/05/2024,Gomufa,42,,,,
Popi Colombina Yogger x 24,06/01/2024,Gomufa,42,,,,
Popi Cookies Cream,06/09/2023,Gomufa,42,,,,
Popi Dedoleta,01/09/2023,Fabiola,83,,,,
Popi Esqueleto Fluorescente x 24,14/06/2024,Fabiola ,83,,,,
Popi H√©roes Tronador x 30,21/11/2024,Gomufa,83,,,,
Popi Manita Resorte,15/05/2024,Felipe ,80,,,,
Popi Manoleta x 24 Calabera,05/05/2021,Fabiola,80,,,,
Popi Supercoco x 24,09/12/2024,Fabiola ,60,,,,
Popi Yumbo Jambreaker,3/12/2024,Fabiola,166,,,,
Prensa Folder Plastica x 50,18/03/2025,Vicente,18,,,,
Prensa Negra caj x144,11/06/2025,Serrano ,6,,,,
Prensa para Ropa Pl√°stica x 24,11/12/2024,Serrano,550,,,,
Prensa Pira√±a surtida,23/01/2025,Almac√©n Milenio ,175,,,,
Preservativo Te Amo x3,01/12/2023,Serrano,250,,,,
Prestobarba Dorusa *,10/07/2025,Serrano,94,,,,
Prestobarba Gillette Blue Eco,01/12/2021,British,280,,,,
Prestobarba Guillet Blue,18/07/2025,Femsa,409,,,,
PrestoBarba Guillet Ultra,09/06/2025,Femsa,736,,,,
Protector Kotex Days x15,01/03/2024,Jes√°n,671,,,,
Protector Labial,5/07/2025,Vicente ,780,,,,
Protector Saba Largo 16u,23/12/2024,Repre,682,,,,
Protector Saba Multiestilos 15u*,01/04/2025,RP,505,,,,
Protector Saba Regular x 16,07/02/2025,RP,651,,,,
Protector Silueta 1x12,05/06/2024,Serrano ,400,,,,
Queso Americano 160 g,23/05/2023,Cinta Az,1.237,,,,
Queso Crema Del Prado 115g,16/10/2024,Cinta Azul,542,,,,
Queso Crema Zarcero B 115g**,12/06/2025,DosPinos,441,,,,
Queso mozzarella Zarcero Rayado 227g,03/04/2025,Dos Pinos,1.680,,,,
Queso Rebanadita la Granja x8,29/05/2025,DP,606,,,,
Queso Tipo Americano 640g x 40*lo,28/02/2023,Cinta A,119,,,,
Raticida Klerat 20g,02/11/2022,Canasta,1.030,,,,
Rayador Repollo,30/03/2022,Vicente,1.800,,,,
Refresco Big Cifrut 1000 ml,16/04/2025,Big Cola,500,,,,
Refresco Big Cifrut 250 ml,18/07/2025,Big Cola,167,,,,
Refresco Big Cifrut 3030ml,20/06/2025,Big Cola,1.167,,,,
Refresco Big Cifrut Frutas 250 ml ,18/07/2025,Big Cola,167,,,,
Refresco Big Cifrut Frutas 3030ml,22/06/2025,Big Cola,1.167,,,,
Refresco Big Cola 1.750 ml,29/05/2025,Big Cola,750,,,,
Refresco Big Cola 1000 ml,18/07/2025,Big Cola,500,,,,
Refresco Big Cola 250 ml,18/07/2025,Big Cola,167,,,,
Refresco Big Cola 3030 ml,08/07/2025,Big Cola,1.250,,,,
Refresco Big Cola 625 ml,02/07/2025,Big Cola,334,,,,
Refresco Big Ginger 1000ml,04/07/2025,Big Cola,500,,,,
Refresco Big Ginger 250 ml,27/05/2025,Big Cola,167,,,,
Refresco Big Ginger 3030 ml,08/07/2025,Big Cola,1.250,,,,
Refresco Big Naranja 250 ml,09/05/2025,Big Cola,167,,,,
Refresco Big Naranja 3030 ml,08/07/2025,Big Cola,1.250,,,,
Refresco Big Roja 1000 ml,24/09/2024,Big Cola,500,,,,
Refresco Big Roja 1550,27/01/2022,Big Cola,666,,,,
Refresco Big Roja 250 ml,04/07/2025,Big Cola,167,,,,
Refresco Big Roja 3030 ml,06/05/2025,Big Cola,1.250,,,,
Refresco Big Toronja 250 ml,20/06/2025,Big Cola,167,,,,
Refresco Big Toronja 3030 ml,20/06/2025,Big Cola,1.250,,,,
Refresco Big uva 250ml,04/07/2025,Big Cola,167,,,,
Refresco Bolsa Frutas x24,10/01/2024,Felipe,80,,,,
Refresco Coca Cola 1Lt Ret,04/07/2025,Femsa,583,,,,
Refresco Coca Cola 2.5 Ret,10/07/2025,Femsa,1.083,,,,
Refresco Coca Cola 250ml,26/06/2025,Femsa,250,,,,
Refresco Coca Cola Cero 1.5 desechab,16/04/2024,Femsa,750,,,,
Refresco Coca Cola Cero 2.5 Ret,7/07/2025,Femsa,1.083,,,,
Refresco Coca Cola Cero 250ml,18/07/2025,Femsa ,250,,,,
Refresco Coca Cola Cero 6.5 onz Pitufa,18/10/2023,Femsa,167,,,,
Refresco Del Valle Fresh 250ml,26/06/2025,Femsa,208,,,,
Refresco Del Valle Fresh 3 Lt  ,04/10/2024,Femsa,1.166,,,,
Refresco Fanta Kolita 2.5 Lt,09/06/2025,Femsa,1.083,,,,
Refresco Fanta Naranja 2.‚ÅµL,10/07/2025,Femsa,1.083,,,,
Refresco Fanta Uva 2.5,18/07/2025,Femsa,1.083,,,,
Refresco Fresca 2‚Åµ Ltr,18/07/2025,Femsa,1.083,,,,
Refresco Fruton T√© ,13/09/2024,Insoma ,113,,,,
Refresco Fuze Melocot√≥n 250ml,04/07/2025,Femsa,208,,,,
Refresco Ginger Ale 1‚Åµlt,18/07/2024,Femsa,1.086,,,,
Refresco Ginger Ale 2.5,18/07/2025,Femsa,1.083,,,,
Refresco Ginger Ale 250 ml,07/07/2025,Femsa,250,,,,
Refresco Ginger Ale 355 ml Naranja ,22/05/2025,Femsa,333,,,,
Refresco HI-C 330 ml,10/07/2025,Femsa,458,,,,
Refresco Jet 350 ml **,04/07/2025,Canasta,580,,,,
Refresco Jet 600 **,24/05/2025,Canasta,893,,,,
Refresco M√°s Citru Disf 3L,24/04/20025,Dos Pinos ,1047,,,,
Refresco M√°s T√© DP Blanco 3L**,09/07/2025,Dos Pinos,833,,,,
Refresco M√°s T√© DP Meloc 3L**,17/07/2025,Dos Pinos,833,,,,
Refresco Maximalta 350ml,19/03/2025,Serrano ,676,,,,
Refresco Power 400 ml ,09/06/2025,Femsa,500,,,,
Refresco Power 600 ml,04/07/2025,Femsa,833,,,,
Refresco Sprite 250,04/07/2025,Femsa,250,,,,
Refresco T√© Dos Pinos Bot 2.5,03/07/2025,Dos Pinos ,1.050,,,,
Refresco Tropical Frut 2.5¬π¬≥,23/12/2024,Canasta,1.322,,,,
Refresco Volt 360 Gris,04/07/2025,Aje,280,,,,
Refresco Volt 360 ml Fantasia x12,17/04/2025,Aje,400,,,,
Refresco Zuko Durazno,13/04/2023,Pozuelo,165,,,,
Refresco Zuko Guanabana,10/07/2025,Max,130,,,,
Refresco Zuko Horchata 25g,26/06/2025,Pozuelo,165,,,,
Refresco Zuko Mango,10/07/2025,Max,130,,,,
Refresco Zuko Mel√≥n,31/12/2025,Pozuelo,165,,,,
Refresco Zuko Mora 25g,11/12/2024,Pozuelo,165,,,,
Refresco Zuko Pera 25g,05/02/2025,Pozuelo,165,,,,
Refresco Zuko Tamarindo,15/04/2025,Pozuelo ,165,,,,
Regla Pl√°stica 20cm,26/10/2022,Vicente,160,,,,
Repuesto P/ Chup√≥n,05/02/2025,Serrano ,75,,,,
Repuesto P/ Chup√≥n Grand,10/03/2021,Vicente,290,,,,
Rollo Bolsa 2k Despendible 7x10,14/11/2024,Avisp√≥n ,3.480,,,,
Rollo Marcadora Classica x 10,29/01/2023,Casom,125,,,,
Sal Saru . El Ada ¬¢¬≤‚Åµ‚Å∞,24/05/2025,Canasta ,260,,,,
Sal Sol¬π,1/07/2025,Canasta,475,,,,
Sal Solar¬π,13/01/2024,Canasta,298,,,,
Salchicha üå≠ Impermeable 20u x K,29/04/2025,Cinta Azul,1328.,,,,
Salchicha Premier 380gx 10u *,08/07/2025,CintaAzul,1.353,,,,
Salchich√≥n Premier Criollo 4k *,06/06/2025,CintaAzul,1.318,,,,
Salsa Banquete Barbacoa 400G,07/12/2024,Jes√°n ,1.240,,,,
Salsa Banquete Soya 148ml,1/07/2025,Max,620,,,,
Salsa Banquete Tomate 100ml,14/05/2025,Jes√°n,362,,,,
Salsa Banquete Tomate 200 ml,07/02/2025,Jes√°n,506,,,,
Salsa BanqueteTomate 700 ml*,01/04/2025,Maxi,1.620,,,,
Salsa Barbacoa La Constancia 400g**,28/05/2024,Gomufa,840,,,,
Salsa Lizano Botella 130ml¬π,21/05/2025,Insoma,707,,,,
Salsa Lizano Botella 280ml¬π,14/07/2025,insoma,1.311,,,,
Salsa Lizano Rosada 190G*,30/05/2025,Insoma ,1.086,,,,
Salsa Lizano Tabasco 64g**,21/02/2025,Insoma,704,,,,
Salsa Lizano Tomate 380 ML,17/06/2025,Insoma,750,,,,
Salsa Naturas Paname√±a 100 g,29/11/2024,Insoma,267,,,,
Salsa Naturas Surt 4 Pack 90g,21/05/2025,Insoma,257,,,,
Salsa Queso del Prado 170g,24/06/2025,Cinta Azul,1.153,,,,
Salsa Roma Carne 106*,24/12/2024,Max,230,,,,
Salsa Roma Hongos 106g *,17/01/2024,Llano,321,,,,
Salsa Roma Italiana 106g,22/03/2025,Llano,206,,,,
Salsa Roma Ranchera 106g*,02/08/2024,El Llano,273,,,,
Salsa Roma sofrito 106g*,14/02/2025,Llano,206,,,,
Salsa Soya constancia,05/12/2022,Gomufa,642,,,,
Salsa Taiw√°n Soya 145G**,30/01/2023,Max,650,,,,
Sardina Sard Ovalada260g,24/02/2021,Maxi,1.300,,,,
Sardina Sard Picante 160¬π,07/02/2025,Repre,579,,,,
Sardina Sard Tomate 160g¬π,10/05/2025,Repre,550,,,,
Saz√≥n Completa Bah√≠a,02/12/2020,Maxi,500,,,,
Sazonador ajo perejil x4,03/09/2020,Maxi,520,,,,
Semilla Mixta,05/07/2023,Pozuelo,461,,,,
Servilleta Link 100u,04/03/2025,Canasta,386,,,,
Servilleta Nevax cuadrada x 100,19/10/2024,Represent ,706,,,,
Set de Agujas,24/10/2024,Vicente,150,,,,
Shampoo Dove Reconstrucci√≥n ,19/02/2025,Serrano,97,,,,
Shampoo Head Shoulder Rosado x 24,02/07/2025,Serrano ,83,,,,
Shampoo Palmolive sachet x24,16/04/2025,Serrano,78,,,,
Shampoo Pantene Equilibrio x24,10/07/2025,Sol√≠s -Serr,83,,,,
Shampoo Pantene Rizo x24,10/07/2025,Serrano,83,,,,
Shampoo Savile 2 en 1 x 28,19/04/2024,Insoma,84,,,,
Shampoo Sedal Liso x 28,30/10/2024,Serrano ,96,,,,
Shampoo Sedal Negro x 28,30/10/2024,Serrano ,96,,,,
Silic√≥n Barra Delgada x12,23/01/2025,Vicente,100,,,,
Silic√≥n Barra Gruesa x12,28/08/2024,Vicente,275,,,,
Silic√≥n Fr√≠o 100ml,19/06/2025,Vicente,690,,,,
Silic√≥n Fr√≠o 30ml,10/11/2023,Vicente,361,,,,
Silic√≥n Fr√≠o 60 ML,19/06/2025,Vicente,490,,,,
Sirope Cibal 700ml,05/04/2022,Gomufa,500,,,,
Sirope La Mu-Sabemas*,11/08/2024,Maxi,720,,,,
skate x 20/,22/12/2023,Fabiol,83,,,,
Snack Bocadeli Buenacho,02/07/2025,Gomufa ,83,,,,
Snack Bocadeli Frijolini x24*,02/07/2025,Fabiola G,83,,,,
Snack Bocadeli gustito Manitas,06/06/2025,Diana,125,,,,
Snack Bocadeli Gustitos,02/07/2025,Fabiola G*,83,,,,
Snack Bocadeli Papasitas,27/08/2024,Fabiola G,83,,,,
Snack Bocadeli Quesi-trix Chile,14/07/2025,Gomufa ,83,,,,
Snack Bocadeli Trompeta,02/07/2025,Fabiola ,83,,,,
Snack Chipps Palomitas Mixtas,2/07/2025,Serrano,1001,,,,
Snack Chipps Tocinito ,16/07/2025,Serrano ,100,,,,
Snack Diana Alboroto 23G-19-23-26,02/07/2025,Fabiola ,125,,,,
Snack Diana Candy Maiz18G-15,02/07/2025,Diana,125,,,,
Snack Diana Churrito 12G-10-8-13,23/08/2023,Diana,125,,,,
Snack Diana Elotitos Barbac 22G-18,15/12/2023,Diana,125,,,,
Snack Diana Elotitos Lim√≥n 23,18/11/2022,Diana,125,,,,
Snack Diana Elotitos Picante 22G-18-25,19/12/2023,Diana,125,,,,
Snack Diana Jalape√±a 20G 28,02/07/2025,Fabiola ,125,,,,
Snack Diana Ma√≠z Chino 15g-10,18/12/2021,Diana,125,,,,
Snack Diana Nachos 20G,05/04/2019,Diana,83,,,,
Snack Diana palito 24G,11/11/2022,Diana,125,,,,
Snack Diana Quesito 17G-13 16,23/11/2023,Diana,125,,,,
Snack Felipe papa palillo x 40,18/07/2025,Felipe,80,,,,
Snack Felipe Papa Tony 120g,15/05/2025,Felipe,800,,,,
Snack Felipe Papa Tony x40*,29/05/2025,Felipe,80,,,,
Snack Felipe Papa Transp,12/06/2025,Felipe,100,,,,
Snack Felipe Pl√°tano Barbacoa ,26/06/2025,Felipe,100,,,,
Snack Felipe pl√°tano dulce,06/02/2025,Felipe,80,,,,
Snack Felipe Pl√°tano Entero -s,26/06/2025,Felipe,100,,,,
Snack Felipe Pl√°tano Lim√≥n ,06/02/2025,Felipe ,80,,,,
Snack Felipe Sorbeto Borona,27/02/2024,Felipe,120,,,,
Snack Felipe Yuca,26/06/2025,Felipe,120,,,,
Snack Jack's Chicharr√≥n 15g*,31/05/2024,Jacks,81,,,,
snack Jack's Doraditas 18 g,29/05/2025,Jack's ,125,,,,
Snack Jack's Meneito 20 g,05/07/2025,Jacks,167,,,,
Snack Jack's Meneito Med 58g,14/02/2024,jack's,458,,,,
Snack Jack's Picarita 30G*27*,05/07/2025,Jacks,167,,,,
Snack Jack's Poropoz 20g,21/06/2025,Jack's,83,,,,
Snack Kitty Chicharr√≥n x25*,23/08/2023,Fabiola,100,,,,
Snack Kitty kronchito 48g x25*,21/06/2025,Fabiola,120,,,,
Snack Kitty Palillo Queso x25u*,21/06/2025,Fabiola,100,,,,
Snack Kitty Palomita Dulce x25*,05/12/2023,Fabiola,100,,,,
Snack Kitty Papa Mayonesa*15,04/04/2023,Fabiola,229,,,,
Snack Kitty Papa x30*,02/07/2025,Fabiola ,120,,,,
Snack Kitty Rikos Chipotle ,21/06/2025,Fabiola,100,,,,
Snack kitty Rikos x 25*,07/09/2024,Fabiola,100,,,,
Snack kitty Surtimix x25*,16/04/2025,Fabiola,100,,,,
Snack Kitty Tortilla Oferta 120g,2/11/2024,Fabiola ,825,,,,
Snack Kitty Yuca Chile x25*,18/01/2022,Asiel,100,,,,
Snack kitty Yuca Lim√≥n x25*,24/12/2021,Fabiola,80,,,,
Snack pop Pizza,2/10/2024,Alfa,82,,,,
Snack Pringles Cebolla 40g *,08/05/2024,Serrano,650,,,,
Snack Pringles Queso 40g,21/10/2024,Serrano,650,,,,
Snack Tosty Bolita Queso Refill,04/07/2025,Tosty,84,,,,
Snack Tosty Bravo Re-Fill x 30 U,16/05/2025,Tosty,125,,,,
Snack Tosty Chirulito 48G,18/07/2025,Tosty,250,,,,
Snack Tosty Papiola 30 g,04/07/2025,Tosty,292,,,,
Snack Tosty Pizzerola 45g x10**,10/05/2024,Tosty,250,,,,
Snack Tosty Quesito 30g x10**,18/07/2025,Tosty,250,,,,
Snack Tosty Quesito Refill 18g**,12/06/2025,Tosty,84,,,,
Snack Tosty Rumba Chicharron 8G**,06/06/2025,Tosty,125,,,,
Snack Tosty Rumba Patacones 60g,16/05/2025,Tosty ,505,,,,
Snack Tosty Rumba redondita 175g**,2/05/2025,Vihusa,667,,,,
Snack Tosty Rumba redondita 30g**,22/11/2024,Tosty,125,,,,
Snack Tosty Tronadita 35 x10**,06/06/2025,Tosty,250,,,,
Snack Yummies Anillitos 18g,21/04/2022,Dinant,83,,,,
Snack Yummies Cappy Infladito 16g,15/04/2025,Dinant,125,,,,
Snack Yummies Cappy Picante,27/02/2025,Dinant,125,,,,
Snack Yummies Pop Queso,17/07/2025,Dinant,167,,,,
Snack Yummies Ranchita B√∫falo Ranch ,17/07/2025,Dinant,125,,,,
Snack Yummies Ranchita Exita 25 g,17/07/2025,Dinant,125,,,,
Snack Yummies Ranchita Extrema 25 g,17/07/2025,Dinant,125,,,,
Snack Yummies Ranchita Guacamole 25 g,22/05/2025,Dinant,125,,,,
Snack Yummies Ranchita Pizza 25 g,10/07/2025,Dinant,125,,,,
Snack Yummies Ranchita Queso 25 g,10/07/2025,Dinant,125,,,,
Snack Yummies Taquerito Chile 36 qhk g,03/07/2025,Dinant,208,,,,
"Snack Yummies Taquerito Drag√≥n Hielo 18gs,",06/06/2025,Dinant,208,,,,
Snack Yummies Taquerito Ques 36g,03/07/2025,Dinant,208,,,,
Snack Yummies Zambos Pl√°tano 36 g,3/07/2025,Yummies ,167,,,,
Snack Yummies Zib√†s Miel Most,17/07/2025,Dinant,250,,,,
Snacks Jack's Cebollino 11g,18/07/2024,Jacks,122,,,,
Snacks Jack's Popicaramelo 27g,01/12/2023,Jack's,208,,,,
Sobre Blanco Corto,22/05/2025,Vicente,13,,,,
Sobre Blanco Largo,27/10/2023,Cadena,23,,,,
Sobre Manila # 3 x50u,29/01/2021,Casoma,15,,,,
Soldadura Tubo Esta√±o,13/10/2021,Vicente,1.010,,,,
Sopa Knorr Pollo fideos,15/08/2021,Maxi,350,,,,
Sopa Laky Pollo 80g bolsa,28/02/2025,Repre,294,,,,
Sopa Laky Pollo vaso 75g¬π¬≥,27/06/2025,Repre,452,,,,
Sopa Laky Res,27/12/2024,Repre,452,,,,
Sopa Maggi Cola des Res,21/02/2025,Walmart ,690,,,,
Sopa Maggi Costilla 58g,12/02/2025,Solis,365,,,,
Sopa Maggi Negra 60g,20/11/2024,Canasta,572,,,,
Sopa Maggi Olla Carne 40g,21/02/2025,Canasta,479,,,,
Sopa Maggi pollo 55g*,13/06/2025,Solis-Serr ,365,,,,
Sopa Maggi Pollo peq,21/05/2024,Canasta,240,,,,
Sopa Maggi Res c Fideos ,21/02/2025,Mac,333,,,,
Sopa Maggi Tortilla,03/09/2019,Maxi,370,,,,
Sopa Maruchan Camaron**,13/02/2025,Canasta,573,,,,
Sopa Maruchan Pollo c/Chile**,1/07/2025,Canasta ,573,,,,
Sopa Maruchan Pollo**,1/07/2025,Canasta ,573,,,,
Sopa Maruchan Queso 64gr**,1/07/2025,Canasta,573,,,,
Sopa Maruchan Res*,13/02/2025,Canasta,573,,,,
Sopa Rapidita Pollo Res**,03/09/2022,Canasta,392,,,,
Soplete Recargable,05/06/2024,Serrano,1.150,,,,
Sorbeto Jack's Cereal 24g,7/03/2025,Jack's ,120,,,,
Sorbeto Tosh Wafer pi√±a Yogurt,29/11/2023,Pozuelo,253,,,,
Sorbeto Waffix x Lim√≥n 16,02/04/2025,Serrano ,80,,,,
Sorbeto Waffles Festival,16/08/2023,Pozuelo,148,,,,
Sorbetto wafles colombina x24,07/06/2022,Gomufa,49,,,,
Suavitel bolsa 300 ml** doy pack,11/07/2025,Solis,690,,,,
Suavitel Bolsa 80ml**,1/07/2025,Serrano,229,,,,
Suavitel botella 450ml**,07/03/2025,Solis,860,,,,
Suavitel Botella 850 ml,07/03/2025,Solis,1.275,,,,
Suspiro Do√±a Ol 35g,22/04/2024,Gomufa,458,,,,
Suspiro Monserrat ,28/06/2024,Fabiola ,307,,,,
Talco Dexipies 100g,14/10/2022,Solis,480,,,,
Talco Kirks 125gr,16/07/2025,Serrano,650,,,,
Talonario Rifa GD,02/08/2024,Vicente,160,,,,
Tang Fresa ,1/07/2025,Serrano ,195,,,,
Tang Guayaba,07/06/2024,Alfa,184,,,,
Tang Lim√≥n *....,1/07/2025,Serrano ,158,,,,
Tang Manzana,1/07/2025,Serrano ,195,,,,
Tang Maracuya,23/10/2024,Serrano ,195,,,,
Tang Naranja,12/03/2025,Serrano ,195,,,,
Tang Pi√±a,08/07/2025,Alfa,167,,,,
Tang Ponche,08/07/2025,Alfa,167,,,,
Tang T√© Lim√≥n,1/07/2025,Serrano ,195,,,,
Tang T√© Melocot√≥n,08/07/2025,Alfa,167,,,,
Tang Uva 8,1/07/2025,Max,141,,,,
Tape Negro peq x 12,23/01/2025,Vicente ,184,,,,
Tarjeta Claro 1000,11/07/2023,Claro,940,,,,
Tarjeta Claro 2000,11/02/2022,Claro,1.880,,,,
Tarjeta Claro 500,05/03/2022,Claro,470,,,,
Tarjeta Kolbi 1000,22/01/2022,kolbi,940,,,,
Tarjeta kolbi 2000,11/02/2022,Kolbi,1.880,,,,
Tarjeta Movistar 1000,10/12/2024,liberty,940,,,,
Tarjeta Movistar 2000,10/12/2024,liberty,1.880,,,,
T√© Blanco Dos Pinos 250 ml,12/03/2025,Dos Pinos ,200,,,,
T√© Fuze Melocot√≥n 250 ml,03/07/2024,Femsa,167,,,,
T√© Hic Melocot√≥n,18/10/2023,Femsa,416,,,,
T√© Manza-te 7 Azhares,29/07/2022,Max,1.360,,,,
T√© Manza-t√© Canela x25,21/04/2025,Maxi,1.270,,,,
T√© Manza-t√© Colite x25,09/10/2024,Manzat√©,1.333,,,,
Te Manza-t√© Digestivo x25,21/04/2025,Max,1.170,,,,
Te Manza-t√© Hoja senn,05/05/2021,Manzat√©,1.340,,,,
T√© Manza-t√© Manzanilla bolsa x 25,24/12/2024,Manzat√© ,560,,,,
Te Manza-t√© Manzanilla x100,12/03/2025,Manzat√©,3.539,,,,
T√© Manza-t√© Menta x25,11/05/2022,Manzat√©,1.298,,,,
T√© Manza-t√© Negro x20,28/08/2024,Manzat√©,693,,,,
T√© Manza-t√© Rooibos 1 x20,08/10/2024,Manzat√©,1.613,,,,
T√© Manza-t√© Tilo x20,06/06/2025,Manz Maxi,1.220,,,,
T√© Manza-t√© Tranquilo,06/06/2025,Manz Maxi,1.350,,,,
T√© Manza-t√© Verde,22/05/2024,Manzat√©,1.331,,,,
T√© Manzanilla Menta x25,03/08/2022,Manza t√©,1.130,,,,
"Tefl√≥n 1/2"" x 10",12/05/2021,Vicente,122,,,,
T√©mpera Faber x 6,23/04/20025,Vicente ,1060,,,,
Tenedor Desechable Link peq x12,05/02/2020,Canasta,224,,,,
Tijera Escolar Eco,03/04/2025,Vicente ,320,,,,
"Tijera incolma 9""",09/08/2024,Insoma,6.435,,,,
Tinte Gallo Azul Negro,09/05/2022,Gomufa,600,,,,
Tiras Pato Activa x3,01/09/2023,Llano,1.073,,,,
Tiza Blanca,10/01/2022,Casoma,165,,,,
Tiza de Color x 10u,10/01/2022,Casoma,248,,,,
Toalla Amiga,14/10/2022,Jes√°n,612,,,,
"Toalla Cocina Nevax ""Verde""Doble hoja",19/10/2024,represent,1.050,,,,
Toalla Cocina Nevax 1000*,24/06/2025,RP,661,,,,
Toalla cocina Scott 80h**,07/12/2024,Jes√°n,655,,,,
Toalla kotex BN C/A x8*,27/03/2023,Maxi,600,,,,
Toalla Kotex Esencial S/,27/01/2023,Jes√°n,753,,,,
Toalla Saba BN Alas x8,22/11/2024,Solis,1.050,,,,
Toalla Saba Classica C/ x 10 u*¬π,18/06/2025,Solis,670,,,,
Toalla Saba Invisible Delgada 7u*,22/05/2023,RP,813,,,,
Toalla Silueta Nocturna x 8,30/10/2024,Serrano ,900,,,,
Toallita Huggies Manitos x 48,1/07/2025,Insoma ,1.035,,,,
Toallita H√∫medas Choice 50u,28/02/2025,Solis,650,,,,
Torta Carne x 8,01/10/2024,Cinta Azul,316,,,,
Torta pollo As Oros x24 **,17/06/2025,Cinta Azul,325,,,,
Tortilla Campesina 373g 1x15 ‚àÜ,07/11/2022,Tortirica,1.125,,,,
Tortilla de trigo,06/10/2022,Tortirica,1.830,,,,
Tortilla Delicias 185g x10u ‚àÜ,24/02/2023,Tortirica,446,,,,
Tortilla Hacienda 160g,13/03/2025,Hacienda,375,,,,
Tortilla tortirica 185g x10u ‚àÜ,09/04/2022,Tortirica,765,,,,
Tortilla Tostada 250 grs,27/07/2021,tortirica,918,,,,
Trampa Caza Facil,27/11/2024,Serrano ,350,,,,
Trampa gato De Papel,11/10/2021,Gomufa,432,,,,
Trident 4s Fresa **,30/05/2025,Alfa,107,,,,
Trident 4s Menta **,02/07/2025,Serrano ,99,,,,
Trident 4s Mora Azul,06/10/2023,Fabiola,100,,,,
Trident 4s Yerba Buena**,30/05/2025,Alfa-frasco,70,,,,
Trident Tableta Fresa**,29/01/2025,Alfa,263,,,,
Trident tableta Menta**,03/06/2025,Alfa,301,,,,
Trident Tableta Mora**,03/06/2025,Alfa,301,,,,
Trident Tableta Yerbabuena,12/05/2025,Alfa,301,,,,
Trulul√∫ Marsmelo Barrilete,2/04/2025,Serrano ,400,,,,
Vainilla Rika 60ml*,05/11/2024,Canasta,588,,,,
Vanish Blanco 100ml,02/05/2025,Repre,434,,,,
Vanish Blanco Intell 30,01/03/2023,Repre,350,,,,
Vanish Rosa 100ml,07/02/2025,Repre,434,,,,
Vaso Desechable #9,4/03/2025,Canasta,421,,,,
Vaso Desechable Festival #12,13/02/2025,Canasta,398,,,,
Vaso Desechable Festival #5 Fest,13/02/2025,Canasta,297,,,,
Vaso Desechable Festival #7,1/07/2025,Canasta,293,,,,
Vaso Desechable Link # 7,4/03/2025,Canasta ,371,,,,
Vegetales Mixtos Tropico 215G,19/11/2024,Llano,524,,,,
Vick Vapo Rub 50g,03/11/2021,British,1.981,,,,
Vick Vapo Rub Lata 12G,02/11/2021,British,571,,,,
Vinagre Alfaro Claro 700 ml¬π¬≥,23/12/2024,Canasta,643,,,,
Vinagre Alfaro Oscuro 700 ml¬π¬≥,21/04/2025,Canast,658,,,,
Vinagre Manzana 500ml,16/07/2025,Serrano ,810,,,,
Vinagreta Mango Ch√≠a,21/11/2023,Gomufa,1.457,,,,
Vinagreta Maracuy√° Amapola,01/11/2022,Gomufa,1.226,,,,
Vitama√≠z Cristal 175g*,28/06/2023,Canasta+,714,,,,
Vitama√≠z Cristal 75G*,08/04/2025,Canasta,379,,,,
Yogurt Coronado Bolsa 180g,03/07/2025,DosPinos,364,,,,
Yogurt Coronado liquido 200m**,03/07/2025,DosPinos,600,,,,
Yogurt Toppin Arroz 150g,22/05/2025,Dos Pinos,888,,,,
Yogurt Topping Chocolate 150g*,04/10/2023,Dos Pinos,845,,,,
Zepol Crema Adulto 30g,07/02/2025,RP,1.505,,,,
Zepol Crema Infantil 30g,23/12/2024,RP,1.049,,,,
Zepol Muscular 30g,22/06/2025,RP,1.003,,,,
Zepol Muscular Sachets,14/04/2023,Repre,188,,,,
Zepol Ung√ºento Adulto 30gr,24/06/2025,RP,1.400,,,,
Zepol Ung√ºento Adulto Cajita 10 g x 6,09/05/2025,RP,485,,,,
Zepol Ung√ºento Ni√±o 30g,04/02/2023,RP,1.250,,,,
Zorritone Barra,22/06/2025,Solis,320,,,,
Zorritone barra jengibre,29/11/2024,Solis,320,,,,